user_id,react_pre,react_pre_ll,react_pre_ul,react_pre_prob_gt0,react_post,react_post_ll,react_post_ul,react_post_prob_gt0,magnitude,magnitude_ll,magnitude_ul,asymmetry,asymmetry_ll,asymmetry_ul
ad_pa_2006_01_27_630,-3.0200261800000003,-4.671411397400001,-1.360516069500001,0.00225,-3.700224126,-5.325241537949999,-2.065870205000001,1.25e-4,4.823649933758725,4.823649933758725,4.823649933758725,-0.6597723350000004,-2.3117486180649993,1.0104688447499994
ad_qu_2002_11_13_717,8.48048055,6.6469028825,10.284677553499998,1,8.51440135,6.874906376499999,10.190702702,1,12.025515099434973,12.025515099434973,12.025515099434973,0.04706284999999877,-1.4496608274999987,1.5647416770000004
ag_br_2003_11_19_333,-4.42727355,-6.034845338000001,-2.8564174575,0,-8.574303100000002,-10.249189059499999,-6.9143429352000005,0,9.681970213401033,9.681970213401033,9.681970213401033,-4.139771865,-5.797924808,-2.4343012014000003
ag_ce_2003_06_14_325,-7.71976145,-9.341017193000003,-6.096554594500002,0,-2.7903432999999995,-4.3867635617,-1.163790652500002,0.0035,8.244168051266477,8.244168051266477,8.244168051266477,4.940191650000001,3.1749196476999995,6.616672553499997
ag_gi_1979_11_16_447,-9.820635200000002,-11.641483715,-8.003540647,0,-2.6549119,-4.3630007645,-0.944743359,0.0065,10.216323064998216,10.216323064998216,10.216323064998216,7.164820450000001,5.4502099489999996,8.906025557999998
ag_nu_2003_07_30_860,2.9170496249999998,1.1539285345,4.7155053252000005,0.995125,4.7797518000000006,3.0941905334999995,6.4315730782394995,1,5.643444575686538,5.643444575686538,5.643444575686538,1.8565776,0.2502861379999998,3.4463657619999974
ag_te_2004_05_26_499,-3.3757867499999996,-5.7652510271,-1.1681492684000017,0.007125,-0.44323054000000006,-2.238583871400001,1.317731263049999,0.343125,3.5491523558971436,3.5491523558971436,3.5491523558971436,2.952309035,0.6658996498000002,5.367247528299999
al_bi_2001_12_25_849,-7.68537795,-9.328661657,-6.01094895015,0,-1.3557085,-3.0807435299500003,0.39808626956649884,0.102875,7.846631690163235,7.846631690163235,7.846631690163235,6.32867519895,4.663330023895,7.976793217999999
al_bo_2002_07_25_563,-5.917399249999999,-7.827319598000001,-3.877285273750001,0,-2.25930212,-3.7393526177999994,-0.7884519785000005,0.0085,6.374574866867781,6.374574866867781,6.374574866867781,3.6230968400000005,1.6962586840500005,5.516863934
al_do_2001_05_27_255,0.639894285,-1.0159717914999997,2.3186232218000002,0.739625,-9.768629285,-11.463282713,-8.04957622192,0,9.835335629739319,9.835335629739319,9.835335629739319,-10.392271825000002,-12.004333322499999,-8.803731310949999
al_fr_2002_08_12_247,1.795976905,-0.11921998850000007,3.609078684899999,0.93175,-5.3055251000000005,-7.153718971,-3.4501661122000002,0,5.729076049605506,5.729076049605506,5.729076049605506,-7.07465945,-8.9893658155,-5.128717592500001
al_ga_2001_10_28_806,0.9989253999999996,-0.47467399300000024,2.5123467929999985,0.859375,0.6988150499999999,-0.794695224,2.147578944499999,0.773375,1.4778483620250236,1.4778483620250236,1.4778483620250236,-0.3192464499999996,-1.9539277485,1.2694379160000007
al_gi_2002_04_11_416,-4.8782211935,-7.104866557499999,-2.62034201095,7.5e-4,-9.29584135,-11.6519261745,-7.0102136635,0,10.542152770351109,10.542152770351109,10.542152770351109,-4.43632235,-6.24887762812,-2.6865412911
al_lo_1999_09_19_127,5.33845866,3.6171803055,6.9995912295,1,2.0156741499999997,0.26009470200000023,3.7946176633,0.9665,5.766595550196259,5.766595550196259,5.766595550196259,-3.3154422000000006,-4.9496141115,-1.6223215004
al_ma_2001_08_18_846,4.31167498,2.8565168205,5.80786386465,1,-2.1528125749999996,-3.8206752415000005,-0.5257963042000007,0.0165,4.9570293826478515,4.9570293826478515,4.9570293826478515,-6.48817796,-8.1510235055,-4.8218167117
al_ma_2002_01_25_787,6.3191666,4.344553497500001,8.2732674895,1,2.3460427824999996,0.631108489,4.1080122352699995,0.981875,6.79615481204106,6.79615481204106,6.79615481204106,-3.948560722,-5.941750232554999,-1.9459099858500013
al_ma_2004_06_15_598,-4.70835995,-6.5411670575,-2.9104179345000003,1.25e-4,-6.62505924,-8.555950087150002,-4.7042433841,0,8.180768229963233,8.180768229963233,8.180768229963233,-1.8981175750000001,-3.7072919755000004,-0.11556450245000029
al_mi_2005_02_23_162,0.463252205,-1.26625959,2.2119969000499995,0.662875,-4.804333874999999,-6.7495363776,-2.83377754655,0,4.945697316751049,4.945697316751049,4.945697316751049,-5.282836595000001,-7.263322264549999,-3.2523833984000037
al_mo_2005_10_03_273,6.805344659999999,4.8624349035000005,8.66839544905,1,8.601168805,6.690681971900001,10.467154194499999,1,10.986282232688005,10.986282232688005,10.986282232688005,1.8089027,0.10071306350000037,3.4868452819999978
al_ne_2005_11_07_247,-4.009974015,-5.801199122500001,-2.2047640199000003,1.25e-4,-0.12686920000000002,-1.7086780165,1.4679963108499992,0.450125,4.109990419374266,4.109990419374266,4.109990419374266,3.8880114500000005,2.0585744633000003,5.7406195745
al_pa_2003_03_21_907,-5.612710309999999,-7.745038287499998,-3.3881902795000003,1.25e-4,6.593737634999999,4.310436122,8.914201066499999,1,8.840938668251944,8.840938668251944,8.840938668251944,12.212041250000002,10.4243522315,13.9642866795
al_pa_2004_10_13_241,-6.25760165,-8.1192935065,-4.380130402500001,0,2.1979635999999996,0.3711645710000006,4.083159488000001,0.97075,6.7493254155332725,6.7493254155332725,6.7493254155332725,8.466337750000001,6.414396307,10.503595421
al_ri_2003_12_18_138,-1.8105998319999999,-3.4654464181,-0.19529262815000015,0.036625,6.751605400000001,5.1583983105,8.3379665674,1,7.068598611366982,7.068598611366982,7.068598611366982,8.56819179,7.023344971550001,10.105693972750002
al_ro_2005_11_09_715,-9.81013325,-11.8561917145,-7.759672306000001,0,-6.94384135,-8.881304966999998,-4.9559143173499995,0,12.055948328295198,12.055948328295198,12.055948328295198,2.88417425,0.5756033100000004,5.118351739985
al_sa_2005_08_17_947,0.39901270000000055,-1.5202948565,2.2563009609999978,0.631125,-3.83279475,-6.06937400805,-1.7518148480000004,0.001375,4.030147215674794,4.030147215674794,4.030147215674794,-4.21713135,-6.74098289635,-1.7906207615000018
al_sc_2000_09_09_522,-3.6900195500000006,-6.205906700060001,-1.2326704915000017,0.007375,2.3443992875,0.6151733097500002,4.061212231899999,0.98375,4.561164370756114,4.561164370756114,4.561164370756114,6.011617215,3.70667242035,8.427928813400001
al_ti_2003_07_24_080,-1.8844459599999999,-3.9192214513500003,0.19893232949999934,0.07475,-1.4408339849999998,-2.9868899553999997,0.16457624350000016,0.077625,2.5525232141693848,2.5525232141693848,2.5525232141693848,0.45632328499999963,-1.7572847732999999,2.6621758922
al_ug_2003_04_14_823,6.9793764,5.249803024999999,8.7063476295,1,4.599450915,2.80621994005,6.428066789999999,1,8.383703621430955,8.383703621430955,8.383703621430955,-2.3778891,-3.8758264816500008,-0.8535263335000004
al_va_2005_12_12_373,-1.3060336,-2.9792513524999995,0.38866138399999817,0.1075,0.6164995999999999,-1.2704559905000001,2.4933840054999994,0.689,1.9421807866522225,1.9421807866522225,1.9421807866522225,1.9169042999999997,0.03193943999999975,3.8032079139999992
al_za_2005_07_11_637,1.162427835,-0.893335821,3.179866030499999,0.81875,-1.49709635,-3.2218907539000003,0.2591359309999994,0.088625,2.3566477393739587,2.3566477393739587,2.3566477393739587,-2.6577699,-4.5757590995049995,-0.642351820000004
am_an_2003_08_07_806,4.696656795000001,2.1929349343,7.226115406999999,0.999,7.4100889,5.0224036665,9.856681271,1,8.797441522342123,8.797441522342123,8.797441522342123,2.7089281949999995,1.137324892,4.302875117949999
am_or_2005_07_19_155,-6.2149939,-7.9846438295,-4.510583985000002,0,-2.36164413,-4.292998992950001,-0.49093067400000023,0.02225,6.716810421606764,6.716810421606764,6.716810421606764,3.8662598100000003,2.0188102642500003,5.694457574994999
an_an_2002_11_01_439,16.689210250000002,15.185948992,18.202558548,1,11.982827700000001,10.356778498599999,13.571641734,1,20.583199415330217,20.583199415330217,20.583199415330217,-4.7083365000000015,-6.201001157650001,-3.2171742039999995
an_ba_2001_12_27_169,-0.08197525000000017,-1.7099191330000008,1.5531895999999998,0.46725,-1.9055272450000005,-3.58055505065,-0.21653537250000132,0.035375,2.1418827899958126,2.1418827899958126,2.1418827899958126,-1.8320801450000002,-3.6729082937,0.00746184149999861
an_ba_2003_04_19_988,-13.4342203,-15.091611786999998,-11.789130289,0,-14.459426,-16.433665576,-12.438440250000003,0,19.76465977148768,19.76465977148768,19.76465977148768,-1.0209356499999993,-3.0795929315000024,1.1110832464999985
an_bi_2001_02_01_958,-8.7380159,-10.4460844945,-7.070598308000001,0,-7.65494625,-9.906405455,-5.2584899592,0,11.660178333851642,11.660178333851642,11.660178333851642,1.0976773499999997,-1.3737812680000001,3.648065104949999
an_ca_2002_02_24_956,0.7348512000000005,-0.8067831280000004,2.2644914044999993,0.77775,-2.8619731699999997,-4.6565843445,-1.1311487905000037,0.005,3.1144516463832463,3.1144516463832463,3.1144516463832463,-3.5996266599999993,-5.4270742717500005,-1.7857565050000013
an_ci_2000_03_09_515,-13.16679585,-14.9002550285,-11.399219839,0,-0.2415809499999999,-1.9426710339999993,1.4443612009999987,0.40875,13.202594705857884,13.202594705857884,13.202594705857884,12.914107900000001,11.165477785999999,14.66922388
an_gr_2003_02_23_266,3.134299246,0.9381885970500001,5.2754387737999995,0.988,-0.032777950000000056,-1.9147412395,1.84372959425,0.487875,3.322995849334289,3.322995849334289,3.322995849334289,-3.1934568000000003,-5.2339976345,-1.0342743689500002
an_lo_1997_06_25_965,10.51578865,8.690250998999998,12.349290401000001,1,4.608681906999999,2.7483869234999996,6.467153830499999,0.999875,11.504821620960646,11.504821620960646,11.504821620960646,-5.9156642150000005,-7.764184407500001,-4.0747338730000005
an_lu_2005_04_26_392,11.23077095,9.533560410999998,12.948123645999999,1,7.1704550685,5.021794022,9.143130964049996,1,13.353684512680147,13.353684512680147,13.353684512680147,-4.0607308600000005,-5.9933493511,-2.2265641600000006
an_ma_1995_03_09_029,-3.941944304,-5.8431208670000006,-2.0576774749,3.75e-4,4.0126034325,2.182204037,5.83109419685,0.999625,5.808627147571144,5.808627147571144,5.808627147571144,7.948984599999999,6.2144699135,9.713242501500002
an_mi_2003_08_21_800,8.1311055,6.356542427,9.880661913999997,1,1.2212728499999996,-0.7284487920000005,3.173403022499999,0.842125,8.287840650031693,8.287840650031693,8.287840650031693,-6.8803665999999994,-8.7115260375,-5.082742610000001
an_ni_2002_12_04_834,-14.560327950000001,-16.276613831,-12.777813285,0,-8.453586649999998,-10.747287296999998,-6.0770179390000045,0,16.85359803382122,16.85359803382122,16.85359803382122,6.098510750000001,3.868203430000001,8.3888586595
an_pa_1999_05_11_680,3.9934998549999996,2.2538252785,5.692918405500001,0.999875,5.173450665,3.5758767400000004,6.736566570539999,1,6.565430118268557,6.565430118268557,6.565430118268557,1.1714160000000005,-0.47218421350000006,2.8092954525000007
an_pu_2004_12_28_073,-4.631531799999999,-6.213055285499999,-3.0234991844999994,0,-6.5826367,-8.266665508,-4.9126266805000025,0,8.082814016763312,8.082814016763312,8.082814016763312,-1.9681449499999997,-3.7540049974999996,-0.16224379600000072
an_ra_2004_06_07_770,7.080258799999999,5.3191767019,8.854329498999999,1,6.036919,4.4813273445,7.6357815545,1,9.330310596205342,9.330310596205342,9.330310596205342,-1.0393170999999999,-2.81408283295,0.7146704854999992
an_so_2003_09_08_620,-10.036336675000001,-11.766158187544502,-8.250194130499999,0,-0.9353976100000001,-2.69171053255,0.8305365089000002,0.200875,10.118682402856743,10.118682402856743,10.118682402856743,9.124165099999999,7.3702144055000005,10.82766640395
an_ta_1996_10_28_673,3.553608215,1.2629069095,5.7494221545,0.9925,7.36756265,5.3726411165,9.3275490215,1,8.242181011837928,8.242181011837928,8.242181011837928,3.83572475,1.4793616935,6.223529412099998
ar_br_2001_08_21_449,3.34790515,1.8015992684999995,4.875822134849998,0.9995,-3.8998077500000004,-5.6922310555,-2.0585204440500005,0,5.281271982780714,5.281271982780714,5.281271982780714,-7.244975590000001,-8.917629023499998,-5.592153771200001
ar_la_2004_02_18_282,7.856459425,6.313303867999999,9.427931235600001,1,-1.0552389574999999,-2.6932939671000002,0.5909331354749983,0.153875,7.984617385833289,7.984617385833289,7.984617385833289,-8.91155225,-10.54215095,-7.25411010265
as_gr_2000_07_17_648,9.4274187,7.4706285295,11.332488960500001,1,10.8989394,9.015543472,12.777560616499999,1,14.436029610321864,14.436029610321864,14.436029610321864,1.505498450000001,-0.3368128035000003,3.2808474239999987
as_gr_2003_07_14_024,2.0607611500000003,0.27814947150000013,3.8320516884999973,0.966125,8.83874015,7.058632718,10.557456029999999,1,9.112104125148264,9.112104125148264,9.112104125148264,6.7659994999999995,5.064065154,8.488696884000001
as_mu_2003_08_08_116,-0.5447499999999996,-2.1025443640000017,0.997851106499999,0.297,-13.5685822,-15.692691673499999,-11.3557179155,0,13.609115391612665,13.609115391612665,13.609115391612665,-13.033914200000002,-15.0090338025,-10.939284828500002
as_ri_2004_07_30_783,-0.06533394999999964,-2.2080617837000003,2.056300701285,0.481125,-4.5670146,-6.7916467865,-2.313216296577352,1.25e-4,4.701847106329556,4.701847106329556,4.701847106329556,-4.49424265,-6.533197030650001,-2.5159258080500004
as_st_2005_11_28_811,0.3013358749999999,-1.7460919735,2.3624067275,0.5965,1.93614475,-0.18491859299999983,4.014779047599999,0.925625,2.290915539653261,2.290915539653261,2.290915539653261,1.5987396,-0.3734372983000001,3.6114484332999974
au_be_2000_06_12_812,-2.23832465,-4.0506934055,-0.4330302100000003,0.024875,-4.527624,-6.24258000645,-2.816776378000001,0,5.097762633404788,5.097762633404788,5.097762633404788,-2.27934195,-3.8556101165000003,-0.7305534390000004
au_cr_2001_05_09_740,8.559387099999999,6.3083949385,10.666413422000002,1,6.9761385,4.7190359625000005,9.190178974999998,1,11.077621239894489,11.077621239894489,11.077621239894489,-1.5515510499999996,-3.23580305,0.11434880099999986
au_ma_2003_02_23_142,5.2634088000000006,3.229580433675,7.284942059499999,1,1.5408041490000002,-0.4791307010999999,3.57964292,0.884,5.552291245990073,5.552291245990073,5.552291245990073,-3.7217239799999997,-5.5207737396,-1.888456372000001
au_ri_2004_02_19_848,-0.6401837000000001,-2.4542813899999993,1.1939004606999994,0.284,-2.8239760849999995,-4.4488555524999995,-1.156443520565001,0.003375,3.0120951955233704,3.0120951955233704,3.0120951955233704,-2.196998925,-3.78461377,-0.5372617448500003
au_vi_2004_01_17_529,6.6928612,3.530045475,9.509193912699995,0.9985,-2.69140979,-4.838750705500001,-0.598147365500001,0.01925,7.354400776691914,7.354400776691914,7.354400776691914,-9.3806014,-12.0891985695,-6.437324571000002
az_sa_2004_04_06_567,4.637729698499999,3.0922820225,6.198681196904999,1,-5.13858093,-6.719390108300001,-3.5576321602500003,0,7.017183240003213,7.017183240003213,7.017183240003213,-9.77767755,-11.4687854705,-8.140351645000004
be_de_2001_02_01_060,8.449581155,6.150546492249999,10.607010856199999,1,13.50133945,11.157067502499999,15.680435041500001,1,15.94775329621742,15.94775329621742,15.94775329621742,5.0332637600000005,3.214499672450001,6.7862196415
be_ma_2003_04_09_595,-0.9384294999999998,-3.1252435110000003,1.2544957814999982,0.246,1.57599305,-0.15908767349999983,3.3309409464999997,0.928125,2.345918596505613,2.345918596505613,2.345918596505613,2.5141090000000004,0.26718782500000066,4.798022935
be_ma_2003_05_13_121,8.13295595,6.540105746999999,9.71613353105,1,11.8363787,10.2678819155,13.400763123,1,14.367460762160082,14.367460762160082,14.367460762160082,3.6968265850000006,2.16396441901,5.248275026099998
be_ma_2003_07_08_043,-5.29594475,-7.314202276,-3.28571969045,0,-6.1073608,-7.7325501375,-4.493763572250001,0,8.14023938591486,8.14023938591486,8.14023938591486,-0.8318565499999999,-2.8485305755000008,1.2358866189999989
be_ma_2003_08_08_206,-1.8116766,-3.84392992435,0.16496601749999928,0.072375,6.038793650000001,4.3487125783,7.699075505500001,1,6.439475670208577,6.439475670208577,6.439475670208577,7.874084949999999,5.962759350500001,9.726755776999997
be_ra_2005_06_09_810,1.9229549499999998,-0.037981302499999876,3.8313021254999997,0.941875,-0.3224528000000002,-2.0925295835,1.4530397869999994,0.390375,2.285762503462955,2.285762503462955,2.285762503462955,-2.2337588000000004,-4.09784583745,-0.311885102000003
be_za_1966_01_16_877,0.8828110500000004,-0.7322668189999992,2.467981136999998,0.815375,-3.90430765,-5.762562962999999,-2.15260426169195,1.25e-4,4.131759248571425,4.131759248571425,4.131759248571425,-4.80576875,-6.476623475,-3.1452107903350006
bi_ca_2002_09_03_068,1.1575581000000004,-0.6235425254999999,2.9347960674999984,0.847875,3.8543356500000003,1.2531448340000004,6.318188431499999,0.99125,4.138366466769739,4.138366466769739,4.138366466769739,2.6845546000000002,0.30595840649999945,5.0623620006999985
bi_po_2003_10_18_886,-8.10467607,-9.70369246045,-6.516077953500001,0,-0.9125922550000001,-2.61577693315,0.8057753402964964,0.199125,8.205255268201537,8.205255268201537,8.205255268201537,7.17591723,5.4403657735,8.956620393699998
bi_za_2005_02_22_631,-3.459775255,-5.194114004499999,-1.6777761647500011,0.001125,-6.103938885,-8.1218041785,-4.046122750250002,1.25e-4,7.066607850895965,7.066607850895965,7.066607850895965,-2.62607343,-4.641855451699999,-0.6507869004999999
ca_ba_1999_03_11_977,-6.030518817499999,-7.8364792935,-4.17476477405,0,-9.34418285,-11.0118707575,-7.6528220375,0,11.151422386244038,11.151422386244038,11.151422386244038,-3.3135713149999995,-5.1702034964,-1.4782969030000008
ca_br_1999_01_29_713,1.7488437500000003,0.04462617699999982,3.4747584939999987,0.94975,-4.358489135000001,-6.1218836110999995,-2.5633991779500005,0,4.842104476689544,4.842104476689544,4.842104476689544,-6.10847845,-7.7275844841,-4.494769625200001
ca_ca_2002_11_08_629,-0.8772852050000002,-2.7151822160999997,0.9688156429999994,0.222125,0.4837406500000001,-1.3523983574999994,2.3360895951499994,0.66075,1.6259009787020267,1.6259009787020267,1.6259009787020267,1.3573222,-0.4775627660000006,3.269047608099999
ca_co_2000_02_17_682,5.03142195,3.1843798329000004,6.8166434965,1,4.933419150000001,2.72992895665,7.073205774749999,0.9995,7.0843565710503995,7.0843565710503995,7.0843565710503995,-0.12602544999999976,-2.1402274527500005,1.8949712869500004
ca_fo_2002_08_30_071,7.3448189,5.544925253450001,9.130693683,1,-4.359993885,-6.499222209999999,-2.1451086885000024,0.001375,8.65405430125075,8.65405430125075,8.65405430125075,-11.68710295,-14.007018474999999,-9.347911283000002
ca_gh_2003_10_07_816,8.63586935,6.811360837,10.504099092,1,-3.5553155000000007,-5.2916557515000004,-1.7980957665000008,0.001,9.424406554527902,9.424406554527902,9.424406554527902,-12.21114045,-13.975452513,-10.406396896
ca_ma_2003_12_24_834,-2.8338157500000003,-4.467477955,-1.2050911235,0.003,-7.75178455,-9.4667093205,-6.064545733999999,0,8.299565150930576,8.299565150930576,8.299565150930576,-4.9186577499999995,-6.690794038,-3.1465318995500025
ca_mo_2005_01_12_659,-0.9406573,-3.5671415124,1.630958160499998,0.273625,6.00575585,3.7818752151499995,8.084695882499998,1,6.248270387863066,6.248270387863066,6.248270387863066,6.92461255,4.924610659999999,8.887829433499997
ca_mu_2005_04_28_047,0.48115065,-1.2181712985360003,2.18987492205,0.670125,-3.01123788,-4.52090082375,-1.5100776928500006,0.001,3.2377278808645538,3.2377278808645538,3.2377278808645538,-3.5046991050000003,-5.2237027265,-1.7660959883500007
ca_pa_2005_04_20_282,-6.222920149999999,-7.8793547095,-4.578792921,0,-9.8237614,-11.5953866075,-8.0083285246,0,11.667615786477,11.667615786477,11.667615786477,-3.5752319,-5.489463484,-1.7151328179550005
ca_po_2005_11_08_041,-6.87253895,-8.764103337,-5.052749437000001,0,-8.6260695,-10.513864164500001,-6.6158674820000005,0,11.06692792383675,11.06692792383675,11.06692792383675,-1.7402383999999995,-3.9565264061499987,0.5817050174999991
ca_ro_2004_09_03_927,-3.6299720000000004,-5.68387237207,-1.5963859789999997,0.002125,3.3002665249999996,1.2599802679499998,5.342736195999998,0.994625,5.153576720242507,5.153576720242507,5.153576720242507,6.920320795,5.1460041112,8.672494776999999
ca_te_2005_07_04_549,-0.7561471149999998,-2.3189449885499998,0.8424694189999995,0.227125,0.9397568300000001,-0.8177850787,2.684426911799999,0.80275,1.6955525606358566,1.6955525606358566,1.6955525606358566,1.6971079800000002,-0.1751727865000003,3.5434651769999994
ca_tr_2005_04_14_376,-4.293527055,-5.8649170186,-2.6984170917500006,0,-6.95990675,-8.552598747500001,-5.296396538000003,0,8.210972144105035,8.210972144105035,8.210972144105035,-2.6703398000000003,-4.284057840339999,-0.997053258654
ca_ur_2005_01_27_051,-1.1912476499999993,-2.9323399834999995,0.5193848049999998,0.137625,0.7934502999999999,-0.7951518594999998,2.358642848999999,0.793125,1.8484373278447688,1.8484373278447688,1.8484373278447688,1.9788290000000002,0.23085843549999943,3.689344574999999
ca_za_2005_06_29_989,10.282983699999999,8.2305204305,12.294319804999999,1,8.362376355,6.2624437759500005,10.447272124499998,1,13.293984907332453,13.293984907332453,13.293984907332453,-1.9328510150000007,-3.7758348062000007,-0.04000443900000281
ce_la_2005_09_25_577,-2.5030251299999997,-4.6987393145,-0.30965104537000054,0.037125,-4.2620188,-5.9466784210000005,-2.595475667000001,0,5.035612207379313,5.035612207379313,5.035612207379313,-1.7690440400000003,-4.013006080965001,0.4490158289999999
ch_ar_2000_08_08_388,-5.771062715,-7.4041923239999985,-4.0484308479,0,-3.53209275,-5.360293237374999,-1.761773660500001,0.00125,6.813954262642376,6.813954262642376,6.813954262642376,2.225523625,0.33975876785500003,4.1006775185
ch_ba_2001_03_02_416,4.203489775,2.2737145136500003,6.1920151025,0.999875,-4.35916353,-6.311618059000001,-2.3727589839500003,1.25e-4,6.239767685823144,6.239767685823144,6.239767685823144,-8.5673274,-10.350635808499998,-6.788183896
ch_bl_2001_09_25_360,2.308770235,0.48168409349999985,4.173753186049998,0.978875,3.184317975,1.3420637708,5.123017769999999,0.99725,4.01880602055321,4.01880602055321,4.01880602055321,0.8854531450000004,-1.03953589095,2.7854747098999995
ch_cr_2003_02_27_137,-3.1761353000000003,-4.945574713849999,-1.3900326010000006,0.002125,-6.70923815,-8.419013757000002,-4.945313797300001,0,7.478629879275898,7.478629879275898,7.478629879275898,-3.5179557850000003,-5.42378904615,-1.5734846802000002
ch_da_2000_08_04_388,-2.9871104500000003,-4.7890373675,-1.0838052965,0.006375,-13.398617699999999,-15.2220792575,-11.461642752500001,0,13.769530329018037,13.769530329018037,13.769530329018037,-10.42291455,-12.143369745000001,-8.692415325550002
ch_fa_1992_09_30_085,4.2436655000000005,2.415095406,6.032670790699994,1,12.3942253,10.6290989725,14.119947724499998,1,13.128460467928567,13.128460467928567,13.128460467928567,8.1454992,6.33394476,9.9514787445
ch_fu_2003_12_19_859,1.3025536500000001,-0.5705111674999999,3.122780694499999,0.869625,-0.44126809999999983,-2.4680102654999994,1.581180403,0.3585,1.9268947555089015,1.9268947555089015,1.9268947555089015,-1.7271157499999998,-3.8625378440000007,0.4290949839999996
ch_gr_2003_03_31_635,12.47616665,10.152601173,14.9394862265,1,4.121031,1.6028547195,6.70729934055,0.99625,13.167709356178321,13.167709356178321,13.167709356178321,-8.35932585,-10.2260530265,-6.5285125209
ch_lu_2005_07_29_320,1.3605492000000001,-0.19889772900000008,2.962379786999999,0.918625,7.70622535,6.148133045,9.31616199,1,7.863216526211738,7.863216526211738,7.863216526211738,6.337551550000001,4.62389501975,8.0805792025
ch_ma_2002_04_30_237,-1.17544307,-3.3255624745,1.0814999401999996,0.201375,1.2799103000000005,-0.87132797,3.49424721145,0.825375,2.339369588009697,2.339369588009697,2.339369588009697,2.4363741899999996,0.8615767825,4.032103645099999
ch_mo_2005_07_21_173,-7.9232993,-9.769233736999999,-6.011463841000001,0,-3.0348605749999997,-5.36330146535,-0.7998053315000005,0.015875,8.568495212453891,8.568495212453891,8.568495212453891,4.877069485,2.4110569617,7.249137791499998
ch_or_2003_11_18_479,-2.9507125,-4.722730310645,-1.1740002305000012,0.00375,-3.3740372400000003,-5.129265824499999,-1.6172244360000019,5e-4,4.5577078292615525,4.5577078292615525,4.5577078292615525,-0.4253664749999997,-2.225057112,1.3278943821999993
ch_re_2005_05_04_512,-0.727135685,-2.807893285049999,1.4174943665499995,0.295375,0.1741544199999998,-2.0074436649000003,2.3275112234999975,0.550125,1.6387774171558422,1.6387774171558422,1.6387774171558422,0.866337195,-0.9338578355999997,2.7081914874749993
ch_sc_1999_10_26_739,-2.79275345,-4.351123529500001,-1.2756294105000023,0.00175,-10.725889800000001,-12.379262604500001,-9.067959934999998,0,11.123954884311193,11.123954884311193,11.123954884311193,-7.9282748000000005,-9.676615988000002,-6.13308409
ch_ta_2005_12_03_835,-10.2441328,-11.883768462000003,-8.6121843515,0,-12.5012222,-13.914174037999999,-11.074961803500003,0,16.17851427551374,16.17851427551374,16.17851427551374,-2.240806550000001,-3.9261091290000008,-0.5980059564999998
ch_va_2003_04_08_010,6.49448505,4.5685291165,8.339042024999998,1,6.35839365,4.774175511,7.9481885885,1,9.135167146151328,9.135167146151328,9.135167146151328,-0.12128424999999954,-1.8757362494999987,1.6508962629999995
cl_de_1999_11_04_085,-5.29803995,-6.8338450445,-3.7394647970000006,0,-9.11428715,-11.250468146,-6.947921464000002,0,10.568233748589954,10.568233748589954,10.568233748589954,-3.8158933000000004,-5.9094056474,-1.7273211590000017
cl_me_2004_10_20_681,-9.39183175,-11.892072549999998,-7.03253962495,0,1.685129505,-0.4904809354999993,3.84058124155,0.893,9.61717650845706,9.61717650845706,9.61717650845706,11.0960441,9.028296904,13.219379122
cl_ra_2005_06_17_016,-4.034730099999999,-5.961288303000001,-2.135309655450001,5e-4,-0.19556244999999994,-2.0769863967000006,1.6633538022000005,0.435875,4.1880668896201465,4.1880668896201465,4.1880668896201465,3.84741285,1.7743175826500002,5.867318149499997
co_bo_2002_12_26_113,-6.646951,-8.565264155500001,-4.738069752600002,0,-5.5638704,-7.4006067435,-3.6507533110000017,0,8.697840663078932,8.697840663078932,8.697840663078932,1.0787491349999998,-0.7215487560000005,2.9416315762999994
co_ci_2003_07_29_927,6.26452723,4.5047041899849996,8.091192366499998,1,11.963601,10.270323923000001,13.624099306999996,1,13.532679855131303,13.532679855131303,13.532679855131303,5.711777700000001,3.8790708605,7.448306394399997
co_pu_2005_06_21_071,-9.08642995,-11.000094662,-7.204517373700002,0,-0.8444992499999997,-2.82026994215,1.2242720879999986,0.25875,9.182775201066768,9.182775201066768,9.182775201066768,8.2867873500000009,6.3849421792,10.2036394755
cr_tm_2004_06_22_652,3.8417684000000003,2.0640560440000004,5.604142607099998,0.999625,-6.0762061,-7.678258897000001,-4.450372225000001,0,7.291755981817169,7.291755981817169,7.291755981817169,-9.905120449999998,-11.555897080500001,-8.276022832499999
da_ba_1996_03_25_685,-12.878885700000001,-14.729843224,-11.06169626,0,-5.718265000000001,-7.5408993319999995,-3.930886594000001,0,14.101090243201964,14.101090243201964,14.101090243201964,7.1613565,5.3720952275,8.9682304175
da_ba_2000_12_11_775,-2.03023725,-3.99246373,-0.051326654999999465,0.0515,-3.573434465,-5.4069266870999995,-1.7679346275000005,3.75e-4,4.2041323803248645,4.2041323803248645,4.2041323803248645,-1.5507383249999998,-3.48597501275,0.42757854019999897
da_ze_2004_05_07_594,1.4482227000000003,-0.36686327299999977,3.272139391499999,0.901375,14.26316395,12.7300304995,15.722299807999997,1,14.374844051961173,14.374844051961173,14.374844051961173,12.8034604,11.063583252,14.564844117000002
de_ga_2003_02_08_434,-7.00423681,-9.15524156665,-4.8332486391500025,0,4.305739815500001,2.2325533940000004,6.459195163219998,0.9995,8.364911926555148,8.364911926555148,8.364911926555148,11.3144833,9.322098404,13.218245997
di_st_2005_12_02_934,-2.7552737199999995,-4.36729006605,-1.1162477800000015,0.003625,-13.31763325,-15.033068792000002,-11.5515337965,0,13.626586974747996,13.626586974747996,13.626586974747996,-10.579796049999999,-12.323784951999999,-8.809352791488498
ed_ul_2003_04_16_576,2.9527921500000005,1.3893613445000006,4.508670175499999,0.99925,3.3596398499999993,1.5452095319999994,5.1683214605,0.998875,4.535544503013339,4.535544503013339,4.535544503013339,0.4125918000000004,-1.3184037155000001,2.0608411814999994
el_bi_2001_08_22_377,-0.112600845,-1.8995423605,1.76932573255,0.462375,6.20384585,4.378489107,7.983348013999997,1,6.28847382785356,6.28847382785356,6.28847382785356,6.291934250000001,4.426133619500001,8.162220890499999
el_bu_2003_09_24_545,-0.5047811,-2.7201865719499994,1.6754484465999997,0.361875,-0.13632540000000026,-2.0286125449000005,1.7278311823999983,0.45575,1.4898920154410373,1.4898920154410373,1.4898920154410373,0.36656299999999997,-1.7514583854999999,2.565832231059999
el_ca_2003_06_14_053,-0.7000794499999999,-2.53162432965,1.16217628785,0.270375,-2.9844535500000005,-5.0192299906165,-0.9088352650000006,0.010125,3.188256508076427,3.188256508076427,3.188256508076427,-2.2838278,-4.1249461825000004,-0.429215582
el_de_2002_02_11_920,6.329433650000001,4.5484899819999995,8.090301472499997,1,-3.056396523,-5.440209679500001,-0.7223651390000009,0.020625,7.215177881649382,7.215177881649382,7.215177881649382,-9.394006204,-11.389702851400001,-7.319389497500001
el_et_2003_04_30_367,11.52113,9.903466176,13.113147215000001,1,4.55304629,2.7438922219500004,6.400131491,1,12.410529237647527,12.410529237647527,12.410529237647527,-6.956343175000001,-8.685434573500002,-5.1927384275
el_fi_2000_06_25_140,-6.5869899499999995,-8.268344419,-4.888898942500002,0,0.06017854999999983,-2.004460291,2.1572684727499998,0.519375,6.686951364389905,6.686951364389905,6.686951364389905,6.635142699999999,4.7297033520000005,8.5916943015
el_ge_2003_03_15_454,0.021222395000000116,-1.5666704401650002,1.6013029835999997,0.50825,-3.56627957,-5.089290075599999,-2.0833579644999998,0,3.689789481215881,3.689789481215881,3.689789481215881,-3.590595705,-5.21696867735,-1.9969622865000016
el_go_2003_12_19_714,-17.47070035,-18.995971097,-15.909969436999999,0,-1.74626925,-3.3523859469999997,-0.0853988735000023,0.046625,17.577266957036272,17.577266957036272,17.577266957036272,15.7218406,14.074729179000002,17.376193660000002
el_la_2004_08_30_289,-1.4954995649999998,-3.7560127795,0.8891843905000005,0.1505,-4.824796505,-7.30128900065,-2.2367264835,0.00225,5.15467874930721,5.15467874930721,5.15467874930721,-3.3213419,-5.693475866650001,-1.018128839000002
el_li_2001_03_18_661,-3.4464867000000003,-6.071140649499999,-0.7155200223500007,0.024,5.0542441700000005,2.4807837944999998,7.593635553499999,0.998125,6.389872988288751,6.389872988288751,6.389872988288751,8.4669213,5.7412604940000005,11.164885473499998
el_lu_2005_12_21_023,1.9870335000000003,-0.14331251999999944,4.2970290535,0.933,-2.7982300999999996,-5.244136606,-0.3999159694999998,0.0345,3.8033501913641703,3.8033501913641703,3.8033501913641703,-4.782061499999999,-7.187622377499999,-2.5831043025000016
el_ma_2002_02_23_664,5.942895435,3.390957592,8.438380651999998,0.9995,-1.74627527,-4.31647713915,0.7765041910499959,0.126375,6.406773297398654,6.406773297398654,6.406773297398654,-7.7003447,-10.215630426999999,-5.1518390395
el_ma_2003_10_04_505,4.6774075449999994,2.0772844454999992,7.496288441200001,0.99725,-5.07290375,-7.4584624405,-2.3967691034500014,0.00275,7.163241290962246,7.163241290962246,7.163241290962246,-9.747848650000002,-12.3462895695,-7.1110172365
el_pa_2005_03_01_796,-2.6516523500000004,-5.19440176205,-0.1016893325000018,0.0485,0.4023054500000005,-2.0184960645,2.822389318499998,0.60475,3.092535930512452,3.092535930512452,3.092535930512452,3.0543723500000004,0.5551142620000005,5.650493124799999
el_pa_2005_10_31_461,-5.8451832900000005,-7.887324284,-3.7944123285000018,0,-9.04837254,-11.9553302375,-6.200510946750002,0,10.856808528831028,10.856808528831028,10.856808528831028,-3.2051653113,-6.0710840148,-0.3893845010000004
el_pr_2002_07_12_840,2.39935954,-0.2405657794999998,4.95190679245,0.92775,-5.261933744,-7.787050526799999,-2.671491165000001,0.001375,6.064156258281632,6.064156258281632,6.064156258281632,-7.66963118,-10.211413696000001,-5.047937922600004
el_ro_1992_05_28_005,2.9135471175,0.6849395185000003,5.224761515679498,0.977625,-3.188671245,-5.457739038500001,-0.9141160068700007,0.014125,4.614711648039226,4.614711648039226,4.614711648039226,-6.09092315,-8.661859025500002,-3.6381596733000023
el_sa_2005_06_30_005,-0.06567644000000028,-2.37258707735,2.1420168196499993,0.47875,0.38033019999999995,-1.7737779175050001,2.5550442262499993,0.60975,1.5401115167971793,1.5401115167971793,1.5401115167971793,0.4709454499999999,-1.5972101708535,2.514091046754999
el_sp_2000_08_09_356,9.94336878,7.566469062829999,12.384855896999998,1,12.0628194,9.737031494999998,14.2955531595,1,15.692696544208264,15.692696544208264,15.692696544208264,2.076784000000001,-0.38125778349999967,4.514000338749999
el_sp_2004_08_03_826,6.7918418,4.234477117499999,9.31221978,1,7.80546335,5.173792602,10.520314365,1,10.445460507148695,10.445460507148695,10.445460507148695,1.0119374499999991,-1.4765728641700004,3.4624794709999986
el_to_2005_09_02_232,0.18331384999999978,-2.7704252096499995,3.0854731669500004,0.539,-4.68372235,-7.126347189500001,-2.25572544766,0.00275,5.001259716353139,5.001259716353139,5.001259716353139,-4.8100167,-7.6776178765,-2.0578966035499997
em_ba_1997_06_20_373,1.5648153500000002,-1.0301214224999993,4.260344555499999,0.836625,7.2967844,4.7847337228,9.857873715,1,7.556517982361942,7.556517982361942,7.556517982361942,5.6925872250000005,3.3209245194999997,8.0995734625
em_co_2003_04_28_389,4.097416750000001,1.8117850557000001,6.559770124,0.9965,8.528266949999999,6.1994510415,11.144727893999999,1,9.547357140108423,9.547357140108423,9.547357140108423,4.41774615,2.1678083344999997,6.760661492899999
em_di_2000_04_26_182,-1.7793707950000002,-4.2832497205,0.6940370569999994,0.12125,4.67481604,1.8589526158999996,7.504219404999999,0.9955,5.314073227089995,5.314073227089995,5.314073227089995,6.475731099999999,3.9988631434999995,9.0066472235
em_ra_2004_12_13_492,5.711998526,3.0217357960000006,8.212516284399998,0.999,1.182460545,-1.5249702609,3.5773813358099997,0.773375,5.967030225668854,5.967030225668854,5.967030225668854,-4.5484698649999995,-7.123776603200002,-2.0438230095
em_ro_2003_11_29_049,0.4889057339999999,-2.21781182965,3.1324189664999995,0.620375,1.092937825,-1.5355932555399998,3.6426160908499994,0.758375,2.0312467163900543,2.0312467163900543,2.0312467163900543,0.6040951294999999,-1.9319005439499999,3.114414744749999
en_bu_2002_02_16_645,-1.8766251999999997,-4.529213222500001,0.9648194824999983,0.14125,4.330256295,1.7158800125,6.8304986878000005,0.9945,5.065390331697788,5.065390331697788,5.065390331697788,6.19867898,3.652959602,8.555265282469996
er_sc_2003_05_15_225,0.78328065,-1.7073373694,3.339880150749999,0.700875,-2.9821625949999997,-5.5248777345,-0.3950974714000012,0.032875,3.5037406176884094,3.5037406176884094,3.5037406176884094,-3.80194645,-6.362859537,-1.1245403624500017
er_va_2001_06_12_922,-3.00707025,-5.726331945,-0.3841133586499999,0.032875,-8.533304000000001,-10.649994683500003,-6.439100903000001,0,9.12247413681341,9.12247413681341,9.12247413681341,-5.523468650000001,-8.093058576383001,-2.9217820361
es_fi_2002_02_17_204,-1.5011287500000008,-4.015080233999999,1.074017616,0.16825,-7.7080170500000005,-10.5381493775,-4.879727271700002,1.25e-4,7.959212425742475,7.959212425742475,7.959212425742475,-6.2235967,-8.948356941,-3.514846587900003
ev_no_2003_09_18_822,-4.94771812,-7.3562084063999995,-2.3985939610000004,0.001875,-7.05883999,-9.3440832,-4.765287672700002,0,8.683714079267165,8.683714079267165,8.683714079267165,-2.1269422749999998,-4.430368279,-0.01141079744999958
ev_pa_2003_01_04_708,-2.5867485,-5.002978535000001,-0.051800013000000415,0.052125,-12.3266238,-15.2495183035,-9.416318972500001,0,12.661264460154804,12.661264460154804,12.661264460154804,-9.74997115,-12.6370686145,-6.909319796500001
ev_tu_2004_10_06_265,7.074244050000001,4.590913809949999,9.646102763199996,1,7.45354079,4.691183405335,10.329802027499996,0.999875,10.310518407172863,10.310518407172863,10.310518407172863,0.3902722499999989,-2.324360036500001,3.0471750629999974
fa_ca_2001_08_09_201,-3.1547335,-6.2141944665,0.0655065929999999,0.059125,-6.976686300000001,-10.5803007625,-3.424639262160001,8.75e-4,7.803620322432412,7.803620322432412,7.803620322432412,-3.840491425,-7.0126667223300005,-0.7105785149999998
fe_an_2000_12_11_786,1.6571869072500003,-0.7616714064999996,4.050052185905,0.869,-0.21653436000000015,-3.0378857959000003,2.4681058607999993,0.447,2.421924613109737,2.421924613109737,2.421924613109737,-1.8994866699999997,-4.551779146500001,0.8349854289999996
fe_ci_2004_02_05_913,-4.17623705,-6.2649933299999985,-2.14972304175,6.25e-4,2.93106809,1.066819442,4.831498720399999,0.993125,5.294620862432886,5.294620862432886,5.294620862432886,7.0999171,5.115294122499999,9.183060683499999
fe_gi_1999_08_28_709,-4.239256,-6.715261216,-1.7926745685000003,0.006875,-5.21769645,-7.465871002999999,-2.8561810433000048,0.001375,6.814588403477494,6.814588403477494,6.814588403477494,-0.9949359500000008,-3.199470374,1.3738521194999995
fe_gu_2000_10_24_922,-0.15709259999999992,-2.58534520794,2.272951263499999,0.4565,1.14461631,-1.5308745051000001,3.8039022634999977,0.76225,2.0468242526921148,2.0468242526921148,2.0468242526921148,1.2776666025,-1.0968351930000002,3.6566753600699995
fi_be_2003_02_02_207,-0.40421785000000066,-3.4761426419,2.7175377519999993,0.4165,4.3085044,1.770227477,6.8916274865,0.992875,4.716657321116049,4.716657321116049,4.716657321116049,4.700205778500001,1.4835018049,7.944093755069998
fi_bo_2003_11_25_741,-0.35270345000000036,-2.8957623314000003,2.116228214,0.40925,-6.571638550000001,-9.0563536375000009,-4.044748437000001,3.75e-4,6.721753977392235,6.721753977392235,6.721753977392235,-6.22619175,-8.820956761,-3.551592145500001
fi_va_2005_01_04_530,-11.02561361,-13.6242009105,-8.257959517500002,0,5.780583654999999,3.4534757779999996,8.2170387617,0.999875,12.58387153338504,12.58387153338504,12.58387153338504,16.823935600000002,14.4913388105,19.141225449
fl_me_2004_02_17_358,1.271221191,-1.18638060195,3.7602912859499984,0.79975,1.188377,-1.4774048705000005,3.9033230939999988,0.77575,2.274204371866598,2.274204371866598,2.274204371866598,-0.06838979999999983,-2.66361045,2.518988384999999
fr_ba_2001_12_15_595,8.48547518,6.1648080510000005,10.9901789354,1,-4.889373045,-7.278254234,-2.367710222600003,0.0025,9.94875229652005,9.94875229652005,9.94875229652005,-13.382542399999998,-15.573183241499999,-11.187543683500003
fr_ci_2002_11_13_719,11.22822815,8.1808929255,14.0583312865,1,2.6888955,-0.2685059089999998,5.3713949995,0.92875,11.598013356424474,11.598013356424474,11.598013356424474,-8.55545705,-10.996518735999999,-6.031939631945001
fr_di_2002_05_11_518,4.820734949999999,1.7395806569500003,7.8598765715,0.9925,5.5528094,2.45610184074,8.657142253499996,0.99575,7.4206776326866795,7.4206776326866795,7.4206776326866795,0.7552242499999999,-1.6788743844999996,3.1469911004999997
fr_ga_1998_02_14_859,3.3991614549999998,1.1320863120000004,5.717170299499999,0.9935,-9.7662347635,-12.28229540405,-7.0575157389,0,10.437426131727817,10.437426131727817,10.437426131727817,-13.14081035,-15.62185572,-10.647573234000001
fr_pa_2001_04_13_414,-6.42426765,-9.039971564500002,-3.860344717500001,1.25e-4,-2.7388160445,-5.43734665965,0.06538065319999944,0.060125,7.116830051744358,7.116830051744358,7.116830051744358,3.7021417850000002,1.0317840905000009,6.444404133499999
fr_pa_2003_05_03_673,-2.3930663,-4.6839225965,-0.040709174000001985,0.052125,8.09947805,5.707671539500001,10.527201309999999,1,8.572611534733175,8.572611534733175,8.572611534733175,10.4852619,7.785981863,13.220878132499996
fr_pa_2005_07_15_344,-6.0694173,-8.9286470843,-3.2706043120000006,7.5e-4,5.1399970965,2.5320301773,7.757237985499997,0.998,8.209648621819282,8.209648621819282,8.209648621819282,11.239592,8.340902352,14.024536717499998
fr_po_2000_05_14_696,0.992857265,-1.6201909436000002,3.7334193309499994,0.725875,-2.856726359,-5.525550423,-0.027993976000003716,0.054125,3.5263934187119608,3.5263934187119608,3.5263934187119608,-3.8672292700000006,-6.4042242025,-1.2264695248000002
fr_pu_2003_05_28_252,-9.989460950000002,-12.60854733,-7.26930243,0,-1.6328067000000002,-3.9795895585,0.9479685149999986,0.14475,10.207421798925798,10.207421798925798,10.207421798925798,8.385032500000001,5.796960722000001,11.073690890499998
fr_ra_2001_05_26_203,8.75500045,6.107086454000001,11.209850066999994,1,-5.927535799999999,-8.375000742,-3.5404073200000017,1.25e-4,10.693349864761695,10.693349864761695,10.693349864761695,-14.663296799999998,-17.2612976425,-11.975885451000003
fr_ro_2002_07_04_300,3.6482251549999996,0.9360589954000001,6.3368717095000004,0.982875,8.05300575,5.2929075425,10.841556375,1,8.918058955413766,8.918058955413766,8.918058955413766,4.382958734999999,2.0421100735,6.735084800899999
fr_si_1999_10_29_937,-3.14552925,-5.398329917850001,-0.9917270580000016,0.013875,-7.7408252,-9.930571464500002,-5.564575696500002,0,8.43115953091839,8.43115953091839,8.43115953091839,-4.590120300000001,-6.993868276,-2.1337836033500066
fr_va_2003_11_17_977,0.6592256499999999,-1.8383020300000001,3.0788096565,0.676875,7.6532558,4.8368074359,10.307540263,0.999875,7.771605903433959,7.771605903433959,7.771605903433959,6.97935805,4.5341150205,9.3877996555
ga_ba_1998_05_26_845,-4.0538111699999995,-6.639831315000001,-1.4357410947000004,0.00925,-13.9722519,-16.343041289000002,-11.441101774,0,14.597264924422198,14.597264924422198,14.597264924422198,-9.9052701,-12.2452410916,-7.405174569000002
ga_ba_2002_06_06_822,-0.8851674499999999,-3.5523837675000003,1.7500465774999985,0.29225,2.63189794,-0.36153776044999997,5.53768261,0.923,3.3290443554232345,3.3290443554232345,3.3290443554232345,3.53873892,0.6077844689999998,6.402277017999996
ga_be_2002_10_23_242,-2.1764303999999997,-4.722303580499999,0.4841110055000001,0.08925,1.1608406000000002,-1.3934706955000005,3.7841931099999977,0.776375,3.0407891066393695,3.0407891066393695,3.0407891066393695,3.35856235,0.8219167784999996,5.811804155699998
ga_lo_2003_03_23_920,2.8834974,0.6178053068500001,5.3926455434500005,0.97925,10.163917945,7.5659061228,12.843795296000001,1,10.622998574552074,10.622998574552074,10.622998574552074,7.2644441615,4.812400187500001,9.501493789949997
ga_pa_2001_06_19_685,-5.564471080000001,-8.143237206890001,-2.9239590005000036,0.001375,3.60276006,0.9602198718999991,6.261884358,0.982,6.893188805648501,6.893188805648501,6.893188805648501,9.1552189,6.430708881649999,11.794730730999996
ga_pi_2002_03_08_624,-10.936972449999999,-13.648916990499998,-8.139070848500001,0,-8.891088400000001,-11.656980364,-6.146686140500002,0,14.13271685253882,14.13271685253882,14.13271685253882,2.0532679000000007,-0.5827103500000006,4.647819235499999
ge_bi_2003_04_25_790,4.81584665,2.2394887169999995,7.347125406849999,0.9975,4.2990294,1.8385964834999988,6.740911081799999,0.995625,6.5324131003882515,6.5324131003882515,6.5324131003882515,-0.5322578999999994,-2.9523122319999997,1.9062556949999985
ge_ca_1998_07_11_665,8.0229571,4.977432035199999,11.2248750905,0.999875,7.95521135,4.9814051055499995,10.928361479499998,1,11.372919198415236,11.372919198415236,11.372919198415236,-0.07606971500000004,-2.919280779550002,2.7514886753499934
gi_ba_2002_06_25_068,2.98095016,0.06150860469999991,5.780737034,0.95,3.2853566699999996,0.46187745415000003,6.059559609,0.966625,4.61763931328933,4.61763931328933,4.61763931328933,0.30933913150000003,-2.4660074077500003,3.1627977716499993
gi_ba_2002_08_09_862,-3.9871341000000005,-6.7265178505000005,-1.3201574170000014,0.010375,-6.07335665,-8.8183765655,-3.330805517050002,6.25e-4,7.350181401972252,7.350181401972252,7.350181401972252,-2.09203369,-4.650591185950001,0.5410502535000001
gi_be_2001_01_18_537,2.3102449,-0.5637785284999998,5.32793167615,0.902875,10.8552292,8.220476862,13.381092657999995,1,11.197426147955213,11.197426147955213,11.197426147955213,8.5198398,5.446254874999999,11.442929801499997
gi_ca_1995_01_27_425,-4.322580200000001,-6.9902598739999995,-1.5432604806250008,0.0095,0.9453274500000006,-1.5951731055000002,3.4753917475,0.727875,4.709873912091554,4.709873912091554,4.709873912091554,5.232785775,2.5022977361000005,7.989449551499998
gi_ca_2002_05_23_628,1.8805220415,-0.72508022295,4.488401159699998,0.884125,1.2377957815,-1.29644342994,3.8148674224999994,0.787375,2.617155407971377,2.617155407971377,2.617155407971377,-0.6237370999999996,-3.3212256421,1.9561033162499997
gi_ci_2001_02_27_248,-1.579400005,-4.209931323,0.9220187322099987,0.154625,5.140281,1.70568031215,8.400135810500002,0.987125,5.655278164674318,5.655278164674318,5.655278164674318,6.74781345,3.1370860700499996,10.132212579499992
gi_co_2001_08_27_568,4.847552988,2.27712303515,7.4412325809999995,0.996125,9.47153135,6.7715022005,12.178331422500001,1,10.711314438182612,10.711314438182612,10.711314438182612,4.6297059255,2.1119769715000003,7.1441765575
gi_di_2002_08_20_072,-3.9341106999999997,-6.849054476499999,-0.9423209890000006,0.02075,4.84487607,2.3022604335,7.564745573299999,0.99825,6.55118055958362,6.55118055958362,6.55118055958362,8.794307934999999,5.748802264,11.946296748449997
gi_do_1997_02_10_547,-9.70696215,-12.3509767125,-7.082480992000002,0,-10.501347599999999,-13.469420215,-7.567958845500001,0,14.3609535284033,14.3609535284033,14.3609535284033,-0.811055399999999,-3.5979059070000003,2.0417109324999987
gi_fa_2003_10_01_833,-4.99017385,-7.664175263000001,-2.4780943555000015,0.00175,3.138458715,0.47693728949999986,5.655097214899998,0.967125,6.1643368599377535,6.1643368599377535,6.1643368599377535,8.1326775,5.5505531505,10.640258262499998
gi_fe_2003_01_10_853,-1.94397445,-4.50771388015,0.5660877559999976,0.10525,-7.2433729499999995,-10.0193162015,-4.442277607500001,2.5e-4,7.628290421248138,7.628290421248138,7.628290421248138,-5.302199465,-8.0886554255,-2.4086680787000003
gi_ga_1995_02_08_213,2.6763489499999995,-0.019819937999999933,5.299204219649998,0.943625,0.6514921999999999,-1.8568471800000004,3.154360291999999,0.672625,3.085963413251255,3.085963413251255,3.085963413251255,-2.0117771500000003,-4.7414218377,0.6599137379999996
gi_ga_2001_03_16_540,-8.5021388000000009,-11.042990395,-5.911150150000001,0,-6.5667362,-9.235604934,-3.9198397241500005,2.5e-4,10.782145123175997,10.782145123175997,10.782145123175997,1.9366125499999995,-0.7860820095000015,4.571524533689998
gi_la_2005_03_15_562,7.160520050000001,4.849212324350001,9.456414451499999,1,8.13824545,5.7343679210000005,10.449717610499999,1,10.892267993338978,10.892267993338978,10.892267993338978,0.9557979499999996,-1.3734853504999984,3.3003959216999985
gi_lu_2005_08_30_530,-5.098600790000001,-7.645742101500001,-2.613664810000002,7.5e-4,-4.10977125,-6.4664684539,-1.856484888500002,0.00225,6.629345943612254,6.629345943612254,6.629345943612254,0.9972470000000002,-1.4289237894999995,3.3347488094999997
gi_ma_1999_09_11_636,1.4697528549999999,-1.5877694918999998,4.3426638385,0.78425,-6.2242775,-9.124627995200001,-3.3580932985000005,3.75e-4,6.586811422716037,6.586811422716037,6.586811422716037,-7.695878604999999,-9.695912802299999,-5.564450088750002
gi_ma_2002_09_27_696,2.80700342,0.13184733835,5.441841507999998,0.952625,-0.40717775999999994,-2.9844358754499996,2.2679837324499985,0.398,3.259900407354967,3.259900407354967,3.259900407354967,-3.219963515,-5.692759909,-0.5392255075750002
gi_ma_2003_05_16_223,10.45733245,7.7811761100000005,13.2355034715,1,4.443222455000001,1.6616749374999997,7.295733103499999,0.99325,11.431957207490495,11.431957207490495,11.431957207490495,-6.008957615,-8.714966093149997,-3.3670474835000013
gi_ma_2004_01_10_447,7.9161596,5.5273024920000005,10.243709918,0.999875,9.49079325,7.133986274,11.790033655,1,12.38238551057305,12.38238551057305,12.38238551057305,1.5991868000000005,-0.849282370999999,3.9947847474999985
gi_ma_2006_01_06_210,2.5349356750000003,0.19283949200000017,4.959566501999999,0.957625,1.4003597550000002,-1.29114797384,4.0919542444499974,0.80525,3.140749168420009,3.140749168420009,3.140749168420009,-1.1323883549999998,-3.6742576276100007,1.3058950852399973
gi_me_2005_07_26_290,-6.7643977,-9.324314851,-4.194304887000001,0,-2.03732135,-4.35242309895,0.15912295234999976,0.069625,7.151509309534385,7.151509309534385,7.151509309534385,4.734297529999999,2.0849378663500002,7.160477434650001
gi_mo_2000_12_02_831,-2.7936610550000003,-5.409046677,-0.0810622207500009,0.049625,4.6543939949999995,1.9249924835,7.366891284399998,0.99825,5.768065861976504,5.768065861976504,5.768065861976504,7.4444374,5.1248859714999995,9.713735367499998
gi_na_2005_03_08_339,3.24255985,0.34822785100000025,6.096763468499998,0.96375,12.037456950000001,9.220002615999999,14.826993891499999,1,12.530502840773943,12.530502840773943,12.530502840773943,8.794801600000001,6.317963647750001,11.318189392499997
gi_no_2005_08_03_572,11.71757085,9.1868601025,14.233594727499996,1,8.86384,6.4228292387499994,11.287276407999995,1,14.722513767293265,14.722513767293265,14.722513767293265,-2.8386722999999994,-5.2764863365000005,-0.4377745635000022
gi_pa_2003_07_12_966,1.2668993000000004,-1.3951981629999999,4.104756515799999,0.77425,-1.2196470000000001,-4.1255718615,1.4825484425,0.244,2.5957161388171803,2.5957161388171803,2.5957161388171803,-2.49474765,-6.11229783725,0.7448806050999994
gi_ro_2004_07_30_589,-2.718772868,-5.176664317,-0.2676425305000001,0.040375,-2.24862895,-4.810142486349999,0.2149053329999994,0.073625,3.717814827902967,3.717814827902967,3.717814827902967,0.48041045949999994,-2.1008755529500003,3.0224647525549977
gi_so_2005_09_11_398,11.03633405,8.424307029349999,13.680503887,1,5.069422,2.77642443435,7.4128077024999985,0.9995,12.194320902721408,12.194320902721408,12.194320902721408,-5.9811362500000005,-8.2930293825,-3.564463556500002
gi_st_2005_07_22_311,4.916570315000001,2.4279716955999997,7.446653811499998,0.99825,-1.90558779,-4.72282949495,0.8280536274999997,0.130625,5.596417717226963,5.596417717226963,5.596417717226963,-6.8358266500000004,-9.6056769785,-4.08609693585
gi_to_2002_01_15_962,3.2090008500000002,0.5158008070000001,6.12108893655,0.9705,-0.6659900999999995,-3.1497423355000005,1.8800230669999998,0.3345,3.661304913116128,3.661304913116128,3.661304913116128,-3.8603339649999997,-6.485568599,-1.4084856319999992
gi_to_2004_06_25_982,0.3014928364999998,-2.059115277,2.6810637153999988,0.584625,-0.22164938299999992,-2.3174524829,1.97817519365,0.42775,1.6175068787578675,1.6175068787578675,1.6175068787578675,-0.5137123399999999,-2.8475554980499997,1.8214390909499993
gi_tr_2005_09_08_335,2.1774906549999997,-0.2340899650000003,4.771890699099998,0.926,-2.288057395,-4.935826166999999,0.39295533344999783,0.085125,3.668138360538369,3.668138360538369,3.668138360538369,-4.4890109549999995,-6.8870966105,-2.1479152552000023
gi_vo_2002_05_12_841,10.296810999999998,7.621159912,12.866845746,1,9.092624650000001,6.227396540500001,11.900943584,1,13.771888396755308,13.771888396755308,13.771888396755308,-1.175842450000001,-3.9277896914999997,1.4314155920000005
gi_zo_1997_04_29_358,-15.16951205,-17.956898743,-12.246226163500005,0,-4.850624749999999,-7.437041307800001,-2.3194689845000003,0.004,15.976903567784051,15.976903567784051,15.976903567784051,10.28880745,7.313938877250001,13.212503725999994
gr_ba_2003_11_29_201,0.25317576500000016,-2.39053340245,2.8368543160499997,0.56175,-2.212039615,-5.2311174005,0.8323485884999992,0.119375,2.8359440597369074,2.8359440597369074,2.8359440597369074,-2.452178684,-5.3342077931,0.4838089189799995
gr_pe_2005_11_17_273,7.9725733000000005,5.530231495999999,10.414114634999997,1,1.953173725,-0.6744238659999999,4.582361454999998,0.89075,8.277120247345813,8.277120247345813,8.277120247345813,-5.992181110000001,-8.397483875499999,-3.609632947250001
il_co_2003_08_20_771,-0.24619233000000018,-2.92511778175,2.5802492402749992,0.442625,3.89367615,1.5069422869999995,6.4281473885,0.9935,4.229779575809695,4.229779575809695,4.229779575809695,4.1239841575,1.5905294644999997,6.631529668499997
il_go_1994_04_12_024,0.8236007000000002,-1.4083729170000008,3.140532507,0.729,3.4667713755000005,1.0936721005,5.960212693849995,0.991,3.7511578862380937,3.7511578862380937,3.7511578862380937,2.664354865,0.30448198400000026,5.0452696753
il_le_2005_11_13_728,5.7475147,3.23614669535,8.34865673685,0.999875,2.5640369,-0.1331190315,5.261495547499999,0.935875,6.433267921999958,6.433267921999958,6.433267921999958,-3.2178157,-5.81298615035,-0.6132868550000019
ir_ce_2000_10_14_691,6.14642239,3.64087801049,8.5830386455,0.999625,3.1961875099999997,0.8347583980000001,5.582203924000001,0.98325,6.995349570034793,6.995349570034793,6.995349570034793,-2.9557526000000003,-5.104221624600001,-0.7502518105000011
ir_ce_2001_08_08_336,1.9874982999999995,-0.41762241549999934,4.363656203,0.906875,6.062114199999999,3.64387482,8.397257108499996,1,6.451396122743086,6.451396122743086,6.451396122743086,4.0987925999999995,1.7798415700000005,6.330359764499999
ir_la_2005_05_10_302,-1.7061307500000003,-4.031673868999999,0.5418896419999993,0.1095,-0.26892524999999967,-2.6250120005,2.1879263019999993,0.431,2.2583499502521285,2.2583499502521285,2.2583499502521285,1.4744738000000002,-0.7596236934999998,3.755138710499997
ir_ma_2004_10_19_669,-10.3304063,-13.305320405,-7.354067780000001,0,2.3306332499999995,-0.12786914900000002,4.756618891999999,0.936375,10.70920519861397,10.70920519861397,10.70920519861397,12.6857602,9.7233191425,15.6776974655
ir_mo_2005_02_23_157,-0.8745371499999998,-3.3692186825,1.7925889314999992,0.28625,0.7043429950000002,-1.6313998061,3.1807382617,0.684125,2.0628522333992327,2.0628522333992327,2.0628522333992327,1.550116515,-0.5128881525000001,3.8184760231999997
ir_ri_2004_12_04_430,-2.52714955,-5.2872470494,0.19544889149999678,0.06775,-3.6594180499999998,-5.7027182952499995,-1.6442259445000007,0.002375,4.627487837575357,4.627487837575357,4.627487837575357,-1.14219974,-3.7222982837,1.558047022199998
ir_ro_2003_08_06_734,0.2596748499999997,-2.254779822,2.84684167,0.56675,-7.6067049,-10.2935250055,-4.8800303085,0,7.736898822561832,7.736898822561832,7.736898822561832,-7.880317999999999,-10.604541225,-5.102348084000005
ir_sa_2005_07_04_464,4.120543085,1.4868066799500004,6.7421779509999995,0.994125,1.1861683850000002,-1.4812305144499998,3.8232949824999984,0.766375,4.466813201722981,4.466813201722981,4.466813201722981,-2.9312790499999997,-5.4829794415499995,-0.3874127115000009
ir_to_2003_10_31_441,-2.0688161250000006,-5.627191904,0.7791007698999987,0.126625,-1.738735625,-4.07835841585,0.7614561374999992,0.12675,3.0043500354984696,3.0043500354984696,3.0043500354984696,0.3413776212999998,-2.4401994932699997,3.761742069499996
je_le_2005_12_23_699,5.330087085,2.8867360275,7.991897855799998,0.998875,2.56704924,0.07704900100000027,5.258419085185,0.951625,6.008927645540075,6.008927645540075,6.008927645540075,-2.780789949999999,-5.21248602565,-0.32474441850000346
je_ma_2005_01_13_962,9.65153555,7.033416134,12.025976138499999,1,-0.24049975000000012,-2.8874712865,2.266767224499999,0.43725,9.771292699343094,9.771292699343094,9.771292699343094,-9.9481639,-12.548846452000001,-7.0850222095
jh_vi_2001_02_18_298,4.47141945,2.2722997985,6.724106792000001,0.999,10.542571599999999,7.640427075,13.122347673,1,11.507392112393363,11.507392112393363,11.507392112393363,6.0543479499999995,3.353388382500001,8.511728390499997
ju_ma_2001_12_12_006,0.4286481499999999,-1.8286472860000003,2.735928121249997,0.630125,-4.987967449999999,-7.430695781500001,-2.4769488155000015,0.002375,5.170856694499917,5.170856694499917,5.170856694499917,-5.42338704,-7.73019735,-3.203390272450002
ke_zh_2005_05_28_685,7.0514133999999995,3.92358170305,10.1175810865,0.999875,-2.37386885,-5.396183259499999,0.5999824374999987,0.10275,7.6770585611418225,7.6770585611418225,7.6770585611418225,-9.382326149999999,-12.594999018,-6.275223381580003
la_ba_2004_05_01_733,-1.4463702,-3.9134863324499998,1.0345021210499998,0.171625,-5.5604475,-8.310138647999999,-2.7813940018000016,0.00175,5.865683016700492,5.865683016700492,5.865683016700492,-4.0999266,-6.768557092,-1.5196737445999997
la_ce_2003_04_09_434,2.9736095999999996,0.31661326149999924,5.64636316625,0.962125,-3.787571935,-6.4823004155,-1.0381677424500002,0.016,5.171615904472908,5.171615904472908,5.171615904472908,-6.718215099999999,-9.3766657855,-4.0786652756500015
la_fi_2001_10_26_216,-5.145529724999999,-7.655992078060001,-2.6629227615,0.001,1.173166595,-1.2366098058,3.5889744074999976,0.7875,5.486649416871913,5.486649416871913,5.486649416871913,6.325670844999999,4.048581907000001,8.728373703499999
la_ma_2004_05_16_992,-2.5808327,-4.974619907999999,-0.15662561050000284,0.0455,-12.18191665,-14.925258864500002,-9.769807157,0,12.490981229760537,12.490981229760537,12.490981229760537,-9.632127099999998,-12.011172579000002,-7.3860902685
la_pe_2005_12_15_770,-0.3812657500000003,-2.96569702335,2.1069808069999985,0.400375,3.7541952000000003,1.0586232775000004,6.4966673976000004,0.98425,4.106598805847533,4.106598805847533,4.106598805847533,4.13954395,1.6815573570000002,6.687652215499998
la_pu_2004_11_28_494,6.02990785,3.37084086705,8.6467042115,0.9995,-6.8178468,-9.396016026,-4.2557137115,0,9.287604383848542,9.287604383848542,9.287604383848542,-12.85473425,-15.635874670000002,-9.990928666750001
le_ca_2002_10_08_302,8.25362025,5.6417269305,10.764834179499998,1,6.20262665,3.6293754959999998,8.88179797,0.999625,10.378176645639012,10.378176645639012,10.378176645639012,-2.0307863499999996,-4.760561484499999,0.7392051759999992
le_du_2003_03_30_117,-7.750390449999999,-10.393965105500001,-5.060863521350001,0,-6.14589535,-8.812302011,-3.4626159218000003,5e-4,9.979290192132959,9.979290192132959,9.979290192132959,1.5920202499999991,-0.9918294664999994,4.123504983
le_ma_2003_11_03_510,-6.81668795,-9.555430888499998,-3.985937381500002,6.25e-4,-14.131630600000001,-16.9748885715,-11.244056779,0,15.768322404832233,15.768322404832233,15.768322404832233,-7.295857195,-10.335124294,-4.3656048648
li_ba_2001_01_02_055,-0.9443852000000001,-3.4909949177500006,1.5835149424999981,0.2725,-3.7217560999999995,-6.20974759085,-1.3150634010000006,0.00825,4.026109322419677,4.026109322419677,4.026109322419677,-2.7900240099999998,-5.2390812843,-0.4172804935000035
li_da_1999_07_30_024,11.90820185,9.441738801900001,14.2605473955,1,14.8802371,12.4684622035,17.2062721835,1,19.08741520190145,19.08741520190145,19.08741520190145,2.981820700000001,0.5247496740000007,5.466730526850001
li_pi_2006_03_09_021,-7.82957455,-10.037587507500001,-5.670596131300002,0,-7.418212004999999,-9.7976135275,-4.911238367395,1.25e-4,10.813508113632722,10.813508113632722,10.813508113632722,0.43840755,-1.7520617235000004,2.714234894499999
li_vi_2004_06_22_107,-5.72008665,-8.3615764685,-3.1462279740000003,0.001125,-6.0955827,-8.9331548285,-3.2469773313999997,7.5e-4,8.456870070230906,8.456870070230906,8.456870070230906,-0.36684486049999987,-3.0510424151500004,2.3687740695699993
li_zo_2004_02_14_210,0.25927844999999994,-1.9709285295,2.4919656118499995,0.575,-0.42211955,-2.5350950914999997,1.7113501415,0.3715,1.5904133153890396,1.5904133153890396,1.5904133153890396,-0.6644675499999999,-2.7157845000000003,1.4131256067999995
lo_fo_2001_10_11_847,7.8910328,5.054212762300001,10.674900526499998,1,14.1317366,11.328704817,16.954831143999996,1,16.218151170728667,16.218151170728667,16.218151170728667,6.25680005,3.75451221,8.833991979999997
lo_ra_2005_10_16_593,-4.545704135,-7.52323619985,-1.5880350465000008,0.00825,6.9273434599999995,4.18806344,9.652044197750001,1,8.541509587588418,8.541509587588418,8.541509587588418,11.47994535,9.032115355499998,13.914574121000001
lu_be_2002_08_07_747,2.9580922205,0.3752987466,5.552737013349998,0.963375,-3.830414285,-6.27257496875,-1.5299328978000017,0.006375,5.169520232042486,5.169520232042486,5.169520232042486,-6.80059365,-9.209106941,-4.4203652694999995
lu_ma_2005_11_04_366,-3.1417969250000004,-5.647317364,-0.45498137810000056,0.031375,-3.1018854549999997,-5.7527431535,-0.3208223789999994,0.037,4.538131904215852,4.538131904215852,4.538131904215852,0.038107820000000014,-2.19481719865,2.2181572259999984
lu_me_2006_01_17_463,8.96164255,6.5969633785,11.2801587055,1,-8.6246973,-11.0238293665,-6.223507089000001,0,12.531453004966062,12.531453004966062,12.531453004966062,-17.585437849999998,-20.393774891,-14.8023500385
lu_pa_2003_11_12_642,2.6580622999999997,0.16730083050000005,5.162828928499999,0.9555,3.26731305,0.5800799180000002,5.928076117,0.97375,4.377682768342611,4.377682768342611,4.377682768342611,0.6273798749999999,-2.293733649499999,3.4811310904999995
lu_ri_2005_10_12_907,-2.55925025,-6.3866953,1.1943487625500002,0.1395,-4.6743637499999995,-8.827694913,-0.6185961770450018,0.031625,5.647285355198745,5.647285355198745,5.647285355198745,-2.099631545,-6.16068268838,2.0350666108499973
lu_se_2004_01_02_817,1.4740151999999997,-2.2238783950000007,5.273655510144998,0.73425,3.9800811499999997,0.5076622389999997,7.476026926999999,0.96575,4.595060041076977,4.595060041076977,4.595060041076977,2.502741800000001,-0.6995657395000003,5.726415969499999
ly_vi_2005_11_24_863,-5.06736,-9.081120953000001,-0.9885780320000009,0.0245,0.6212870000000006,-3.3737682988,4.5961924815,0.6015,5.6786900173839,5.6786900173839,5.6786900173839,5.646661974999999,1.3383843815000003,9.940436171599995
ma_ba_2000_07_05_787,5.1588835500000005,1.4906242918499997,8.982915642,0.986625,9.4090784,5.6298152565,13.0524470065,1,10.863334559492706,10.863334559492706,10.863334559492706,4.18381005,-0.13591746950000114,8.453906396499999
ma_bu_2003_09_02_200,8.024756,4.4419239379,11.59691234,0.999625,5.18993148,2.2085554899000006,8.232393564499999,0.99725,9.703941457115878,9.703941457115878,9.703941457115878,-2.872594716000001,-6.65218582075,0.9057368569999968
ma_ca_1996_09_14_696,2.8918178499999994,-0.8546254995,6.608332147191996,0.88975,-4.026468940000001,-7.886597655049999,-0.13395660855000222,0.050875,5.649967132427971,5.649967132427971,5.649967132427971,-6.900422665000001,-9.841961403500003,-3.926430009
ma_ca_2002_06_11_597,4.527231575,0.4085343379999999,8.9080371685,0.9605,6.8217364005,2.8003826196499997,10.985911526999999,0.996125,8.415144563729623,8.415144563729623,8.415144563729623,2.2799156199999997,-2.0814855007000004,6.569560922000001
ma_ca_2002_11_02_745,7.3258265,4.153192861,10.497729341499994,1,8.37055295,4.37237375815,12.300201472999998,0.998625,11.23568812121215,11.23568812121215,11.23568812121215,1.0319862999999998,-2.560932073750002,4.629560044049998
ma_ce_2000_07_15_034,3.64536761,-0.15901523535,7.415487963999995,0.937125,2.965618055,-0.43049090795000006,6.260673311,0.918625,5.010279130535811,5.010279130535811,5.010279130535811,-0.701977405,-4.5735165131,3.191543608999994
ma_fa_2000_06_25_721,-11.509735150000001,-14.434085783499999,-8.67016740055,0,-2.04407344,-5.1052690072,1.1049045719999975,0.151125,11.795569691843834,11.795569691843834,11.795569691843834,9.48593346,6.577249130650001,12.497122334299998
ma_fa_2003_03_24_439,-6.8444803,-10.5733844445,-3.122745215090003,0.00225,-0.1395369500000001,-3.2047392173900002,2.9040852669999975,0.4705,7.070520570048244,7.070520570048244,7.070520570048244,6.638293900000001,2.6686113765950004,10.722354825999998
ma_ge_2002_05_01_421,-2.5255932250000006,-6.060012627699999,0.9868916354999978,0.125125,-1.6261026500000004,-5.69808474825,2.401751708000001,0.263,3.747729853810264,3.747729853810264,3.747729853810264,0.9078000999999998,-3.3672457425,5.27903380275
ma_ie_2000_07_31_515,-4.203608190000001,-8.40748526705,0.1378481539999995,0.05975,-3.8875672,-8.06298305715,0.19288135349999797,0.063625,6.020344434256499,6.020344434256499,6.020344434256499,0.3513865500000004,-4.0255932265,4.529514792499998
ma_la_2005_01_18_750,-0.9826370499999999,-3.6353156963999997,1.6412772996999991,0.27125,-0.05790340999999999,-3.5460032748500008,3.430063047625,0.488875,2.3592619727940374,2.3592619727940374,2.3592619727940374,0.9289029499999999,-2.6662655914499998,4.361268621224994
ma_la_2005_07_29_507,-4.833771905000001,-9.013214243700002,-0.5056193130000028,0.037625,-8.15944825,-11.979529013,-4.267696872500001,3.75e-4,9.655176197339635,9.655176197339635,9.655176197339635,-3.3220070500000003,-7.090825557,0.41260121114999704
ma_lo_2003_03_20_086,-0.10431220000000008,-4.736957194,4.8300935219999985,0.486625,5.599688325,1.6281819665000004,9.6640241515,0.99025,6.176188016846593,6.176188016846593,6.176188016846593,5.6567259100000005,2.0388176735000005,9.2099051605
ma_lo_2005_06_26_262,-1.6097044100000002,-5.507425318999999,2.322654552249999,0.254625,-1.3702923499999997,-5.6818151517499995,2.972181867049999,0.305625,3.256864667352567,3.256864667352567,3.256864667352567,0.2510151475000001,-3.79073240965,4.217174016149999
ma_ma_2003_09_19_720,-5.004805490000001,-9.488689778,-0.629120599,0.034625,-6.977405,-10.7616723585,-3.0958901835000017,0.00375,8.65743268113023,8.65743268113023,8.65743268113023,-1.9596442000000005,-5.79371627765,1.8964003384999994
ma_ma_2004_10_11_947,1.4864092999999998,-2.1213083209000003,5.1918217445,0.743875,0.5006206249999999,-2.62268728947,3.6030044434999993,0.603,2.7113211389798764,2.7113211389798764,2.7113211389798764,-1.0094974049999998,-4.905421199099999,2.8111921348499953
ma_ma_2005_05_18_423,3.7416476999999997,0.06928823349999978,7.319263573999999,0.94875,1.03999895,-3.6821819043999997,5.706678846999999,0.644125,4.559813097254965,4.559813097254965,4.559813097254965,-2.653951165,-6.5229610945,1.0670658726999984
ma_mo_2005_03_08_142,11.6859781,8.130385340499998,15.274834856999998,1,9.75290345,6.635481930749999,12.837087540499997,1,15.329795805731834,15.329795805731834,15.329795805731834,-1.9410621,-5.966650167499999,2.0685300059999965
ma_ne_2003_02_14_288,7.193700294999999,2.98733245375,11.304557657499998,0.995875,2.3661666849999996,-1.6735200584,6.511956656499999,0.836125,7.84319429934445,7.84319429934445,7.84319429934445,-4.798162325,-9.0401241156,-0.3390624545000004
ma_ni_2000_10_17_970,7.393960719999999,3.8088545949500006,10.904001040599997,0.9995,4.970404839999999,1.4132075992500002,8.3505380818,0.984625,9.091082136484914,9.091082136484914,9.091082136484914,-2.4391323,-6.670766102610002,1.8711803159999985
ma_no_2003_08_08_723,4.02643205,0.20116511949999996,7.9067483517,0.953875,10.745637949999999,6.7598708035,14.870485582999995,0.999875,11.531958735090742,11.531958735090742,11.531958735090742,6.72660185,3.655545627500002,9.859030338999997
ma_op_2002_10_17_619,-7.5156934,-11.893709632,-3.3196132165000014,0.0025,-7.839078355000001,-11.629214177999998,-4.029856514900003,0.001125,11.005559300695342,11.005559300695342,11.005559300695342,-0.3207271900000004,-4.872932430500001,4.5998002628200005
ma_pa_2003_12_24_373,6.362753715,2.73789597165,10.025427684499995,0.996125,7.264381625,3.2546735475500004,11.232590565999997,0.996625,9.806807116805647,9.806807116805647,9.806807116805647,0.9014036049999996,-3.0160302895,4.714537831649998
ma_pa_2005_06_22_205,0.3041522499999998,-3.3220158276499987,4.0892821108,0.554375,-3.1144534999999998,-6.78758509225,0.5721146866499993,0.086625,3.9057424359407946,3.9057424359407946,3.9057424359407946,-3.460323185,-6.256011910050001,-0.6295388377300004
ma_pe_2005_09_29_691,-3.31596047,-7.03737198695,0.29465854849999784,0.067,-7.354750600000001,-10.9454307015,-3.775943033500001,0.00125,8.311021404542146,8.311021404542146,8.311021404542146,-4.026985455,-8.370961442,0.3581485850499983
ma_pi_2003_04_23_317,3.383337645,0.03455768600000004,6.741206133849999,0.94625,2.5418228,-0.9676406365000002,6.077250925999997,0.878375,4.505817855385883,4.505817855385883,4.505817855385883,-0.8045881349999999,-4.10055638055,2.364118162149998
ma_pi_2004_12_22_169,-2.56356315,-6.8949472365,1.8825203497999987,0.17075,-2.55571255,-6.800350934,1.5949557004999997,0.161625,4.2433177898901935,4.2433177898901935,4.2433177898901935,-0.034544200000000025,-4.162709872700001,4.178370543030001
ma_po_2005_03_24_421,2.60154236,-1.67514554055,6.780383713425,0.834875,2.214673985,-2.1651547888499993,6.447322461999999,0.796,4.145314706577983,4.145314706577983,4.145314706577983,-0.38605040000000024,-4.730502878500001,3.9422716038999956
ma_qu_2003_09_15_711,4.64388601,0.8976975593499998,8.433231951349997,0.97475,-6.8994757,-11.15283797305,-2.6132635370000026,0.006375,8.769359327382054,8.769359327382054,8.769359327382054,-11.5188430385,-15.2426363705,-7.70811805735
ma_ro_2004_01_18_699,-4.371059595,-7.9502929457,-0.7397910835000006,0.0285,-3.199848649999999,-6.7160126813000005,0.35594852049999914,0.077375,5.722880750178465,5.722880750178465,5.722880750178465,1.1748825900000002,-3.090891199,5.412869200949998
ma_ro_2005_07_29_713,-0.3716840549999999,-4.6889883475,4.096331998499999,0.447,8.2550113,4.650804887999999,11.842994627249997,1,8.593847948482555,8.593847948482555,8.593847948482555,8.596534300000002,4.885867272000001,12.190976836
ma_ro_2005_11_18_005,0.11595774999999975,-3.5603442475000002,3.9989602889999967,0.52175,11.257174449999999,8.070692143999999,14.348244142499999,1,11.491859581041673,11.491859581041673,11.491859581041673,11.150070450000001,6.8654068285,15.239466129999997
ma_sa_2005_01_31_124,2.1857594650000003,-1.9664511104500002,6.384379009499999,0.80525,7.117066149999999,3.7935900147000003,10.507268128500002,0.99925,7.7594590540238055,7.7594590540238055,7.7594590540238055,4.92385335,0.6774472085000002,9.150064017999998
ma_se_2003_06_24_287,-1.5830962000000002,-5.275595631304999,2.11467756585,0.2425,0.38435539999999957,-3.0586625665000002,3.8704761142499993,0.5705,2.844321583510207,2.844321583510207,2.844321583510207,1.91819965,-0.7016475954999999,4.6965572032
ma_ta_2006_01_28_997,12.25551725,7.7603443568,16.692976967499998,1,6.73623194,2.6560857485,10.793968466499999,0.994375,14.111324996781134,14.111324996781134,14.111324996781134,-5.5188611000000005,-9.473483014,-1.5324213928000048
ma_te_2001_08_10_003,-1.52951884,-5.2090765358999995,2.3378987818999906,0.255375,-4.73223145,-8.563312852,-0.7271680400000045,0.0325,5.217532758147311,5.217532758147311,5.217532758147311,-3.1832413500000003,-6.1084993591000005,-0.3204207460000018
ma_ti_2006_01_05_815,-5.5724767449999995,-9.6210573,-1.667509613500001,0.01275,-9.6212232,-13.5524414925,-5.502941300500002,1.25e-4,11.221848930014229,11.221848930014229,11.221848930014229,-3.9903967799999993,-7.4566412280000005,-0.4163315163500002
ma_va_2005_03_29_741,-3.877560935,-8.25808930015,0.4565228599999985,0.076875,-2.44873413,-6.449547025850001,1.5744203370999996,0.165375,5.034808358210362,5.034808358210362,5.034808358210362,1.4480431500000002,-2.7632046857000003,5.525300331999998
ma_za_2004_06_10_668,7.30243555,4.39855454255,10.328979050500001,0.999875,-2.4647498499999996,-6.140564680850001,1.2645117924999993,0.142875,8.086921448239217,8.086921448239217,8.086921448239217,-9.773518849999999,-13.475936177000001,-6.056580599550001
ma_zu_2005_09_19_246,-7.386585050000001,-11.178533902000002,-3.600144312700005,0.001125,2.40326515,-1.4230716044999987,6.287389526299999,0.845875,8.14659706519295,8.14659706519295,8.14659706519295,9.783826000000001,6.3295971005,13.12811745
mi_ch_2002_03_13_414,7.1672774,3.6959126865000007,10.707915947350001,0.99925,9.383388925,5.9351633725,12.657507624999997,1,11.91668684148037,11.91668684148037,11.91668684148037,2.2129017800000006,-1.1118962703000002,5.3309429802
mi_fe_2001_04_26_301,0.6379160000000006,-2.193216579999999,3.5757941959999995,0.642875,-3.0034526999999995,-6.800308879300001,0.7126926474999999,0.099625,3.695616900158994,3.695616900158994,3.695616900158994,-3.6586499999999997,-7.2563770306999995,-0.21442656150000147
mi_fi_2000_03_20_804,-1.84341008,-6.173295609,2.4818318455999977,0.23825,-1.809216035,-5.38924932107,1.7334702049999993,0.2055,3.330542369047285,3.330542369047285,3.330542369047285,0.046119800000000266,-3.6569257198000007,3.612479537499997
mi_lo_2005_03_17_960,-2.4665731999999996,-6.28636667015,1.3766464439999997,0.149625,-6.3166634980000005,-10.0815137845,-2.5659544290000027,0.004875,7.098678697970616,7.098678697970616,7.098678697970616,-3.897755215,-8.067426924500001,0.4071049793999986
mi_si_2003_10_15_839,8.960541325000001,5.7209700765000004,12.087703514499998,0.999875,5.9307668499999995,2.8375450819999997,9.130937917999997,0.99825,10.844466420588583,10.844466420588583,10.844466420588583,-2.9626647,-6.7894661286,0.8436865268999991
mi_st_2003_06_26_432,4.26209352,0.33178138100000043,8.234075786105,0.956875,1.4872204949999999,-2.9862632115000007,5.999515397049998,0.7025,5.007520614261301,5.007520614261301,5.007520614261301,-2.7164646499999994,-6.5941225580000005,1.0311390860000003
na_on_2003_10_01_490,-5.71278365,-9.650916425,-1.534667897500001,0.01425,-3.9259132500000007,-7.0293394895,-0.7850751170000021,0.024,7.107102742213252,7.107102742213252,7.107102742213252,1.7704252600000001,-1.8472853287999997,5.382205894499999
ni_ma_2004_02_03_108,-8.95351587,-12.686372487500002,-5.155714695650004,2.5e-4,-14.466344200000002,-18.3744861545,-10.484859513500002,0,17.121191315813416,17.121191315813416,17.121191315813416,-5.47237759,-9.77034069165,-1.150863372000001
ni_ru_2004_05_20_372,1.1777472400000002,-2.6602833159999997,5.005280492329997,0.68925,-10.6825831,-14.553961356499999,-6.930103098000003,0,10.997653618495104,10.997653618495104,10.997653618495104,-11.8197802,-16.321141400500004,-7.57178577105
ni_sa_2002_02_28_835,7.435275849999999,3.3722717264999997,11.4981104595,0.997125,11.52237465,7.666039659000001,15.347905673999998,1,13.833726463756863,13.833726463756863,13.833726463756863,4.09486489,0.09931061099999984,8.0680915455
ni_ve_2003_12_26_353,-11.800897,-15.618307979499999,-7.813858041500006,0,-4.10108485,-7.930371129010001,-0.21219581400000057,0.04525,12.681584121245113,12.681584121245113,12.681584121245113,7.6593579499999995,3.0611497584499996,12.308565436749994
no_bi_2001_04_24_039,-5.0166103500000006,-8.842003225000001,-1.1390685421000009,0.019,-0.43506279999999964,-4.481312618,3.7216939689434985,0.434375,5.481040424320746,5.481040424320746,5.481040424320746,4.597699815,1.0944425137999998,8.143250068499999
no_ci_2000_10_06_903,1.5037439849999998,-2.92344267547,5.989818025999997,0.70775,-2.1579997505,-6.5666068415000005,2.2787622684099977,0.22375,4.061784197757932,4.061784197757932,4.061784197757932,-3.6595556,-8.0721890713,0.8420018569999986
no_ma_2004_02_28_379,-2.4717840000000004,-6.349743974,1.1903135569999992,0.1405,-0.40651069999999967,-4.0676814640000005,3.3431119689999993,0.433125,3.423962698976811,3.423962698976811,3.423962698976811,2.1087842499999994,-1.6224359355000006,5.978777371
pa_ma_1983_03_08_270,-1.1113295,-5.071338945849999,2.8862800285,0.319625,-5.53277581685,-9.885301036500001,-1.1965038401000054,0.02375,6.001393436316365,6.001393436316365,6.001393436316365,-4.422671105999999,-8.568046305,-0.23315743900000158
pa_pe_2003_06_23_463,-4.13871507,-8.16389316435,-0.2952894675000021,0.04275,-3.23062055,-6.933190966,0.39229270849999887,0.077,5.548662938433421,5.548662938433421,5.548662938433421,0.9166332079999995,-3.173266098199999,5.0114716173
pi_tu_2005_04_04_341,-1.9969445100000003,-5.593244653,1.4145997090999995,0.171125,-3.40746605,-7.442945233750001,0.6003961017499992,0.087625,4.387425468267226,4.387425468267226,4.387425468267226,-1.3757781999999998,-5.421653931000001,2.6777665541499984
pr_ba_2002_11_29_443,-8.866053599999999,-13.733596227500001,-3.8928567058000003,0.00225,-4.25304979,-8.876996574,0.6312769769999952,0.07825,10.009748466463446,10.009748466463446,10.009748466463446,4.657882225000001,0.30153883478000004,8.896019755849998
ra_pe_2005_02_25_938,-9.32986065,-13.647484381999998,-4.8455640385000045,8.75e-4,-11.327647899999999,-15.3985168465,-6.878998004000002,1.25e-4,14.77870508148861,14.77870508148861,14.77870508148861,-1.945612950000001,-5.910011795099999,2.0228365299999957
re_ma_2005_11_25_490,4.800336315000001,0.3645122982999999,9.053070212,0.95725,-4.720619375,-8.721381289,-0.6282102610000008,0.029375,7.3732880054368515,7.3732880054368515,7.3732880054368515,-9.4756824,-13.4760979155,-5.404325271800009
re_st_1999_08_08_232,2.41003385,-2.1215766605000006,7.017479722999999,0.801,-1.404583,-5.5956861625,2.7358825924999985,0.298375,4.150249345867971,4.150249345867971,4.150249345867971,-3.860172,-7.826606598,0.24196404399999966
re_ve_2004_10_21_036,3.5099654649999996,-0.78160953605,7.796422969999998,0.903625,1.6658077,-2.6997923994,5.932438391499998,0.73425,4.538887150131842,4.538887150131842,4.538887150131842,-1.8837836245000004,-6.1631216142000005,2.3913445936049964
ri_ma_2002_11_20_973,-0.7768949500000004,-5.216436197299999,3.633262649999999,0.390875,1.2057148,-3.009567172975,5.397803458999999,0.67875,3.2944949179490055,3.2944949179490055,3.2944949179490055,1.96113605,-1.9542892975000001,5.972844572549999
ro_la_2003_11_12_881,4.97079805,0.5634671150499996,9.174296989499995,0.962125,-3.0957497,-7.5306331931,1.2003024069999995,0.121125,6.597143566513443,6.597143566513443,6.597143566513443,-8.052848650000001,-12.3051195825,-3.7068641620500014
sa_an_2002_05_18_160,-1.8898480500000003,-5.11946805895,1.3601249495000003,0.171375,5.2401737,1.811024747,8.604235546,0.992125,5.962354957928631,5.962354957928631,5.962354957928631,7.096781,4.11233929945,10.058911686499993
sa_ch_2002_09_16_822,-4.8007286449999995,-8.5362043405,-0.9892744876500003,0.021875,-10.0485532,-13.797790652,-6.238053272500001,0,11.199276613789753,11.199276613789753,11.199276613789753,-5.221622050000001,-8.384436817200001,-2.1666997310000013
sa_di_2000_10_28_113,0.7007283500000003,-3.3134208004999994,4.738013580489997,0.613625,3.8309196149999996,0.5061864690000001,7.0868958603499985,0.96625,4.455113441616319,4.455113441616319,4.455113441616319,3.084704456,-0.5601520191000002,6.597677335099999
sa_do_2000_03_16_198,7.280597445,3.9082662325,10.651173652799999,0.9995,10.094941200000001,6.371333214999998,13.788291062999999,1,12.562133770561143,12.562133770561143,12.562133770561143,2.8158606749999997,-1.1862135036950008,6.760544283499998
sa_gi_2002_07_16_551,-2.3799573,-6.27964019085,1.560044877499998,0.167,7.233918699999999,2.8361854715,11.5815868225,0.995375,8.043931993021577,8.043931993021577,8.043931993021577,9.6010302,5.611305364849999,13.654374165999998
sa_la_2002_11_29_127,-2.7837347,-5.988754904,0.4571469244999996,0.0855,4.842863084999999,0.8955271984000001,8.9209652915,0.9725,6.09614380819702,6.09614380819702,6.09614380819702,7.650934299999999,3.9426543123000006,11.270023760499996
sa_ma_2002_02_20_776,-5.834228779999999,-10.172857099000002,-1.4481223725000003,0.018875,-4.38019815,-7.845890327065001,-0.7644638995000023,0.025125,7.452997539879478,7.452997539879478,7.452997539879478,1.4642671609999995,-2.06300390974,4.920172996999999
sa_ma_2003_09_25_008,1.0122423500000002,-2.7439157325,4.746791075099999,0.67975,-4.12381577,-8.2336510195,0.028177885449997893,0.0565,4.912161906930673,4.912161906930673,4.912161906930673,-5.1458922099999995,-8.640482595000002,-1.7891159638000005
sa_ma_2005_03_03_666,-0.919944028,-4.6925041792,2.800276263849998,0.34575,-2.524862015,-4.98442198735,-0.009010200850001846,0.05425,3.3332491801403865,3.3332491801403865,3.3332491801403865,-1.6214808,-5.2511410613114995,2.0398565444499988
sa_ne_2003_06_12_362,-12.9295658,-16.0498149555,-9.6122738885,0,-8.08105275,-11.204735624500001,-4.9729607386,0,15.332847125156576,15.332847125156576,15.332847125156576,4.8126966499999995,1.116562929000001,8.419799251699997
sa_ol_2004_06_21_909,-11.93683235,-15.668141422,-8.158683991000002,0,-0.7158736999999995,-3.8364317190000006,2.4534139465000004,0.35725,12.079443754875644,12.079443754875644,12.079443754875644,11.20394525,7.4130955819999995,15.033309861499996
sa_pa_2005_06_03_918,-5.651417905000001,-9.7327322895,-1.6243074068000036,0.0115,-5.943059379999999,-9.500799079,-2.2821596940000006,0.0055,8.3487396655004,8.3487396655004,8.3487396655004,-0.2338313499999991,-3.627832236000001,2.9767485272499985
sa_pe_2003_07_25_475,4.70559235,1.70775407064,7.673768034,0.9925,1.9059275100000002,-1.8489736368999998,5.5969434629999935,0.7955,5.419539878886031,5.419539878886031,5.419539878886031,-2.8572155550000002,-6.541895898,0.8662449775
sa_ro_2005_07_18_542,-3.31906295,-7.6664072385,1.1781696229999996,0.116625,7.27563185,2.9092297665,11.64968471155,0.99525,8.540367654409724,8.540367654409724,8.540367654409724,10.56372585,6.2075425728499996,14.8835109515
se_co_1998_04_24_910,-3.44427432645,-6.1603496795,-0.6551152070650018,0.026125,0.9716989000000003,-2.198552316,4.156271532899998,0.686,4.136219826989755,4.136219826989755,4.136219826989755,4.4023233600000005,1.2928581353900002,7.494700120499999
si_al_2003_08_31_334,-2.7187167499999996,-6.949778582299999,1.4244806419999985,0.15075,0.4863017099999999,-3.9952726965500003,5.056950802049997,0.57325,4.042438083214973,4.042438083214973,4.042438083214973,3.19543305,-0.9416110634999999,7.522662093149999
si_co_2002_08_13_884,6.82944439,4.0783190756000005,9.519111974499998,1,6.432045735,2.8037922885,9.8695943125,0.99675,9.509649307198911,9.509649307198911,9.509649307198911,-0.3866498249999999,-4.001665619,3.16873997065
si_go_2002_12_08_648,1.852763738,-1.7254798261000004,5.369250921499998,0.8085,3.56826756,0.7417681983000001,6.34562889055,0.977,4.46176659726207,4.46176659726207,4.46176659726207,1.6937858199999996,-2.110867259,5.531249349999984
si_ma_2003_10_31_940,-2.89142895,-6.598939680899999,0.8445025774999977,0.108,7.270610405,2.9541012999999996,11.454322239999994,0.9935,8.215303178425476,8.215303178425476,8.215303178425476,10.158320699999999,6.418610619750001,13.836196843999998
si_te_2003_06_04_835,4.493107299999999,0.45107084699999983,8.783058424300002,0.96275,-10.717018450000001,-14.585747340000001,-6.745047397250006,1.25e-4,11.959408044935596,11.959408044935596,11.959408044935596,-15.23842805,-19.334432692500002,-11.001160124500004
so_ba_2000_12_20_889,-1.8018650000000003,-5.795622152499999,2.200586954999999,0.2335,-1.6162368349999996,-5.899104228000001,2.7624928807499995,0.268875,3.427872219914614,3.427872219914614,3.427872219914614,0.19950785000000026,-3.7793828645499996,4.1769541190099995
so_co_2004_01_11_355,-1.690140495,-6.2127251255000004,2.8062355197499986,0.27225,5.562330355,1.4757436715,9.559242611499998,0.98375,6.504975162323706,6.504975162323706,6.504975162323706,7.26326795,3.3789447866,11.074204233499998
so_do_2002_10_09_686,0.48023982500000006,-3.1312534188,4.099626570249997,0.58325,0.5629392499999999,-3.5513838723499997,4.609807869499992,0.591625,2.7495948638437855,2.7495948638437855,2.7495948638437855,0.06726944999999995,-3.8472020245,4.146282361899999
so_fa_1997_04_21_013,-6.496624150000001,-9.6619637885,-3.356147336000004,8.75e-4,-5.99977565,-9.446934123000002,-2.42674408275,0.003375,8.92012891437075,8.92012891437075,8.92012891437075,0.5216418850000006,-2.225317624000001,3.285414979149999
so_fa_1999_11_16_426,0.37803338,-3.5286777400000005,4.313856539749999,0.557625,5.611296116,1.5239913727,9.6083780575,0.984625,5.996871028249657,5.996871028249657,5.996871028249657,5.1964919599999995,1.7504093827499994,8.612950861599998
so_fa_2003_10_21_442,-3.03137601,-7.067840865999999,1.0940760372499996,0.11725,3.414818975,-0.3486850150000006,7.291156272049994,0.9245,5.390775251552215,5.390775251552215,5.390775251552215,6.42902328,3.1470737267500004,9.8070932505
so_fr_2003_05_21_499,-9.80523405,-13.5865427405,-6.07825838570001,1.25e-4,-6.139785735,-8.8405295365,-3.460245188,0,11.684357825959832,11.684357825959832,11.684357825959832,3.6687654000000007,0.27507067900000004,7.294303738999996
so_gh_2003_03_20_781,7.106401269999999,3.3018212987,10.7954248305,0.997875,5.9349634149999995,2.9892435550000003,8.817352051499999,0.999125,9.35320240043795,9.35320240043795,9.35320240043795,-1.1902738000000008,-4.847535012500001,2.547303154999996
so_gr_2003_05_06_698,-0.8166508500000003,-4.000874775300001,2.2801877384999965,0.334,-13.48462545,-16.493836666500002,-10.274064605500001,0,13.635606573098272,13.635606573098272,13.635606573098272,-12.6638583,-16.189611789999997,-8.938467570500002
so_la_2002_10_16_896,-9.775584949999999,-13.571090586,-6.069881747999999,0,-8.911184350000001,-12.7940637085,-5.04503555225,0,13.304113572594275,13.304113572594275,13.304113572594275,0.8746789999999995,-2.3305315705,4.268285042999999
so_li_2004_10_29_776,6.31322845,3.32373440965,9.332034616999998,0.9995,4.72579755,1.9724212032649997,7.357397447999998,0.99725,7.991233792773626,7.991233792773626,7.991233792773626,-1.6156973000000003,-4.5762583805000006,1.3081973599999994
so_ma_2002_07_10_675,2.71073424,-0.07568142149999987,5.392729757999996,0.939625,2.7453467449999995,-0.85487926155,6.299583535699997,0.892375,4.1941950666979455,4.1941950666979455,4.1941950666979455,0.09223769999999987,-3.77520256825,3.8048379214999994
so_mi_2003_03_19_419,4.07907914,0.21809045158,7.952238605350001,0.95175,9.75375785,5.85150662455,13.683097229999996,1,10.680331656970822,10.680331656970822,10.680331656970822,5.716735324999999,2.5676103850000005,8.829100756949996
so_na_2004_05_30_149,-1.4897030139999996,-5.66190905675,2.5647346071999944,0.27425,-0.45597995000000013,-4.365201899795,3.4605723993,0.42125,3.0967893067125623,3.0967893067125623,3.0967893067125623,1.03100503,-3.1411570345000004,5.167432977999999
so_nu_2005_03_11_255,-0.52478683,-4.1806875595,3.2390428379499996,0.407125,5.186923585000001,1.2980351784999997,9.1221695915,0.9835,5.700629684810513,5.700629684810513,5.700629684810513,5.706320840000001,1.6901500500000004,9.754018678499998
so_or_2003_08_07_377,-7.5615438,-11.9761030105,-3.1707549869999996,0.003125,2.00569532,-2.338844741865,6.214791738499996,0.77675,8.322846676663659,8.322846676663659,8.322846676663659,9.63206965,5.081498796999999,13.966387481499996
so_pa_2003_01_26_225,-3.9785384300000004,-7.91879886785,-0.13625451850000153,0.04925,-0.17410369999999986,-3.49789316755,3.081052109499996,0.466875,4.439377720010514,4.439377720010514,4.439377720010514,3.8409441500000003,0.03499811400000009,7.5351172565
so_pa_2005_04_02_152,-0.12427964999999963,-4.38862436265,4.1628906674,0.481375,0.5613146499999995,-3.0601380905999993,4.24290074235,0.59825,2.7886825180028536,2.7886825180028536,2.7886825180028536,0.6834982999999997,-2.9167548483,4.328967915019997
so_pu_2002_01_28_706,-4.552832985,-7.849570984470001,-1.3145996154000001,0.013375,2.9070108349999995,-0.3937125686049999,6.188316766,0.917875,5.910429856793565,5.910429856793565,5.910429856793565,7.494698355,3.93313665135,11.0600838755
so_ru_2006_02_08_848,10.55932885,6.008951227699999,14.9328822495,0.999875,8.6006359235,4.18368667215,12.859617396449998,0.999,13.729467549352252,13.729467549352252,13.729467549352252,-1.9438360799999996,-6.022561379600001,2.012667753399998
so_vi_2004_10_14_130,3.6509118,-0.88077438715,8.046216082499999,0.902875,6.3593657,1.9169856299,10.727959575499996,0.987375,7.583769575381705,7.583769575381705,7.583769575381705,2.7431562499999993,-1.6333368354999986,7.067091237999999
so_vi_2006_01_30_222,1.0541900549999998,-3.35590914155,5.393503496499997,0.65275,-4.353447549999999,-8.368421224,-0.28507096900000173,0.0445,5.278919236424091,5.278919236424091,5.278919236424091,-5.425382050000001,-9.320099466425,-1.451720698500002
te_an_2002_03_21_518,5.722066784999999,1.83756528535,9.623139865849998,0.989,3.9775032849999996,0.86444789125,7.175121228999998,0.979875,7.155515254441697,7.155515254441697,7.155515254441697,-1.7698169499999998,-5.538699050999999,2.1573449311349977
te_li_2005_06_12_911,8.055111100000001,4.884171204659999,11.222689844000001,0.999875,7.783064095,4.442662535049999,11.0223789885,0.999875,11.270163472041634,11.270163472041634,11.270163472041634,-0.3038055000000002,-3.5997258096449993,3.0523472323499967
to_be_2001_05_16_063,-9.4261235,-13.715143325,-4.9994721965,0.00125,-1.7566382999999997,-5.7050119558,2.265384142999998,0.23725,9.77169632760409,9.77169632760409,9.77169632760409,7.719346550000001,3.8091006375000003,11.502368482
to_ce_2002_10_02_733,6.3909876,2.7018119709999997,10.073648594,0.9965,14.638182100000002,10.158955388,19.040323214999997,1,16.118248288790596,16.118248288790596,16.118248288790596,8.227874100000001,4.4309230055999995,11.990720815999998
to_fo_2002_10_25_435,-3.38199955,-6.816622913000001,-0.03346744448500075,0.052625,-9.36552615,-13.332668012500001,-5.3698392237500014,0,10.091053030684009,10.091053030684009,10.091053030684009,-5.954240265,-9.747049401599998,-2.0404361745000017
to_va_2005_06_01_982,12.1051818,8.106985129000002,16.0752076345,1,5.28321081,0.6890766049999996,9.867346382999997,0.967375,13.327021669608623,13.327021669608623,13.327021669608623,-6.75528031,-10.883533244,-2.710726656000002
to_va_2005_11_12_377,9.878370100000001,5.94049489835,13.7450478195,0.99975,9.8087163,5.331628905,14.189127960999999,1,14.05506432944102,14.05506432944102,14.05506432944102,-0.039849249999999614,-3.7972985456000012,3.672564034499995
va_ba_2003_03_31_999,-11.22042674,-14.311125594,-8.186861856790001,0,1.259423215,-2.5702577097,5.00587113565,0.706125,11.521426664388704,11.521426664388704,11.521426664388704,12.47705745,8.80243153685,16.170358407
va_li_2004_04_15_257,0.7902694499999989,-2.8666609465,4.533534388,0.64,-6.58980495,-10.055747988999999,-3.0567420951000033,0.002,6.930005997859759,6.930005997859759,6.930005997859759,-7.3997709899999995,-10.0941273395,-4.6048212588
ve_sa_2005_04_10_675,5.4810202,1.4663381378,9.607230219,0.9825,0.83400799,-2.5459175711,4.311832646049998,0.6545,5.755961202218709,5.755961202218709,5.755961202218709,-4.625510085,-7.65006121265,-1.6690801752050013
ve_st_2004_06_06_207,1.8626303100000001,-2.1587281960499998,6.102209144500001,0.7715,0.32408899999999996,-3.5192114224,4.231938108449999,0.557375,3.1038082899812345,3.1038082899812345,3.1038082899812345,-1.555185505,-4.9207078245,1.5819623375999987
vi_le_2003_11_10_511,-1.9050441,-5.066605533620001,1.2986730939999984,0.16725,4.56204945,1.3843717674000002,7.944524254999994,0.99025,5.403610155280922,5.403610155280922,5.403610155280922,6.48780665,2.6327616894499997,10.296674487999997
vi_ma_2004_06_14_505,-8.971629454999999,-13.36208621202,-4.220339523000001,0.001625,-13.2505335,-17.647953717,-8.911489236300001,0,16.112513983219337,16.112513983219337,16.112513983219337,-4.27511718,-8.781819202500001,0.20699035046999584
vi_me_2003_12_23_966,-10.69300205,-13.4619344245,-7.760952604500002,0,-4.97219095,-8.656782074050001,-1.313733895500001,0.01375,11.897825059880947,11.897825059880947,11.897825059880947,5.6501954,2.0854353778499997,9.3680722945
vi_pi_2005_08_23_271,8.8519939,6.208414198000001,11.444955499999999,1,5.092255875,2.5307720375,7.646063838999999,0.998375,10.292392862686533,10.292392862686533,10.292392862686533,-3.7655770850000008,-6.5566357559999995,-0.9808840265000043
ya_ou_2005_07_30_594,-4.20543152,-7.6348947955,-0.735121845500002,0.025625,2.2673268,-2.3441350667500003,6.531209453499999,0.788875,5.592601968747379,5.592601968747379,5.592601968747379,6.4090096999999995,2.821677750495001,9.9749946555
yu_ma_2005_09_20_667,15.627214849999998,11.944523915999998,19.27557223199999,1,16.112619,11.806470398999998,20.3410014655,1,22.548736947196534,22.548736947196534,22.548736947196534,0.46759030000000035,-2.8310520293000003,3.791663022499996
