model,outcome,vowel,parameter,type,estimate,se,ci_lower,ci_upper,significant
m_f0_mean_a,f0_mean,a,c1_stress:pid5_antagonism_c,Interaction,0.8439482133926528,1.5372413396111952,-2.14244326,3.914865289999998,FALSE
m_f0_mean_a,f0_mean,a,c1_stress:pid5_detachment_c,Interaction,-1.086800496122168,1.622301316825715,-4.2603194150000006,2.0943382874999985,FALSE
m_f0_mean_a,f0_mean,a,c1_stress:pid5_disinhibition_c,Interaction,-0.43956561497868696,1.787980901009643,-3.9408013175,3.0774070374999982,FALSE
m_f0_mean_a,f0_mean,a,c1_stress:pid5_negative_affectivity_c,Interaction,2.054361461379544,1.5947418167373346,-1.1439889725,5.1892604625,FALSE
m_f0_mean_a,f0_mean,a,c1_stress:pid5_psychoticism_c,Interaction,0.08774359575873597,1.6924493328853696,-3.18435564,3.3884530974999993,FALSE
m_f0_mean_a,f0_mean,a,pid5_antagonism_c:c2_recovery,Interaction,3.64521898305169,1.5553149310532133,0.55869360175,6.638734367499999,TRUE
m_f0_mean_a,f0_mean,a,pid5_detachment_c:c2_recovery,Interaction,-1.176740117222021,1.6138961352254086,-4.3601917724999995,1.9737682449999998,FALSE
m_f0_mean_a,f0_mean,a,pid5_disinhibition_c:c2_recovery,Interaction,-1.061748418483793,1.7988927779045252,-4.539458590000001,2.5216156849999973,FALSE
m_f0_mean_a,f0_mean,a,pid5_negative_affectivity_c:c2_recovery,Interaction,-0.45578754175598096,1.5896933569091525,-3.5429047474999997,2.6573050324999965,FALSE
m_f0_mean_a,f0_mean,a,pid5_psychoticism_c:c2_recovery,Interaction,-0.80725393318481,1.6672085718218081,-4.0468986475,2.4744489549999997,FALSE
m_f0_mean_a,f0_mean,a,Intercept,Main,189.326201702,1.7611616195836264,185.91298975,192.77585075,TRUE
m_f0_mean_a,f0_mean,a,c1_stress,Main,3.3613455271844,1.2247434278184013,0.9617388695,5.7721046750000005,TRUE
m_f0_mean_a,f0_mean,a,c2_recovery,Main,0.891802673407871,1.254189936047495,-1.5609809049999999,3.35071797,FALSE
m_f0_mean_a,f0_mean,a,pid5_antagonism_c,Main,-2.36335817809662,1.6584155632662867,-5.650818269999999,0.8749274009999995,FALSE
m_f0_mean_a,f0_mean,a,pid5_detachment_c,Main,-0.017264099132703783,1.8125236453168403,-3.6721830375,3.542609517499999,FALSE
m_f0_mean_a,f0_mean,a,pid5_disinhibition_c,Main,-2.100735658321316,1.921125575586191,-5.9112274075,1.6311805849999979,FALSE
m_f0_mean_a,f0_mean,a,pid5_negative_affectivity_c,Main,-0.0358750849050165,1.4881523179193366,-2.9942862674999997,2.9000494124999983,FALSE
m_f0_mean_a,f0_mean,a,pid5_psychoticism_c,Main,7.265862540979,1.7717663550914766,3.793004965,10.758278624999997,TRUE
m_f0_mean_i,f0_mean,i,c1_stress:pid5_antagonism_c,Interaction,-0.005063498212893097,1.836046249581641,-3.657606645,3.5844094075,FALSE
m_f0_mean_i,f0_mean,i,c1_stress:pid5_detachment_c,Interaction,-0.6548161128203742,1.9573293009085073,-4.450578045,3.2104500449999995,FALSE
m_f0_mean_i,f0_mean,i,c1_stress:pid5_disinhibition_c,Interaction,-1.035169100914527,2.1585505490802697,-5.2898031375,3.2244895049999975,FALSE
m_f0_mean_i,f0_mean,i,c1_stress:pid5_negative_affectivity_c,Interaction,5.80762311688304,1.930307918894328,2.0467795625000003,9.6088918,TRUE
m_f0_mean_i,f0_mean,i,c1_stress:pid5_psychoticism_c,Interaction,-1.4989839828991163,2.0192764770328515,-5.354650825,2.3955971249999997,FALSE
m_f0_mean_i,f0_mean,i,pid5_antagonism_c:c2_recovery,Interaction,3.7459353954290844,1.864470916461775,0.051377931075,7.3159845125,TRUE
m_f0_mean_i,f0_mean,i,pid5_detachment_c:c2_recovery,Interaction,-4.6309561051427,1.9927971251224263,-8.5338401575,-0.7210497927500004,TRUE
m_f0_mean_i,f0_mean,i,pid5_disinhibition_c:c2_recovery,Interaction,-0.5870204963357604,2.1449883008637864,-4.845672509999999,3.6339094149999998,FALSE
m_f0_mean_i,f0_mean,i,pid5_negative_affectivity_c:c2_recovery,Interaction,2.060201071083119,1.9030019926650665,-1.694460305,5.770410557499999,FALSE
m_f0_mean_i,f0_mean,i,pid5_psychoticism_c:c2_recovery,Interaction,-0.53192411299711,2.002257998756621,-4.453728255,3.3918357524999996,FALSE
m_f0_mean_i,f0_mean,i,Intercept,Main,193.680277241,1.6619506676190514,190.37939825,196.927349,TRUE
m_f0_mean_i,f0_mean,i,c1_stress,Main,2.089418179063592,1.4872594217338289,-0.7717172562499999,4.9951178375,FALSE
m_f0_mean_i,f0_mean,i,c2_recovery,Main,-2.23935705637851,1.481708265750488,-5.1173770925,0.7009852767499973,FALSE
m_f0_mean_i,f0_mean,i,pid5_antagonism_c,Main,-0.6167626115140388,1.6846144764261965,-3.969027165,2.6824891799999993,FALSE
m_f0_mean_i,f0_mean,i,pid5_detachment_c,Main,-0.351984974686932,1.876788717576467,-4.061561019999999,3.271303084999999,FALSE
m_f0_mean_i,f0_mean,i,pid5_disinhibition_c,Main,-2.693566369469271,1.9934967598617332,-6.5937120575,1.2506023599999958,FALSE
m_f0_mean_i,f0_mean,i,pid5_negative_affectivity_c,Main,-0.07897289023372706,1.5845185996379088,-3.1735817775,2.9995968524999985,FALSE
m_f0_mean_i,f0_mean,i,pid5_psychoticism_c,Main,7.34663052288,1.8553930375263303,3.751398,10.98331085,TRUE
m_f0_mean_u,f0_mean,u,c1_stress:pid5_antagonism_c,Interaction,0.828830673466892,1.709662668935761,-2.526387345,4.186435842499999,FALSE
m_f0_mean_u,f0_mean,u,c1_stress:pid5_detachment_c,Interaction,-1.113709025013272,1.8111264336549893,-4.69021518,2.4396946674999986,FALSE
m_f0_mean_u,f0_mean,u,c1_stress:pid5_disinhibition_c,Interaction,0.214652740393819,2.021316417658965,-3.7653205475,4.156764919999999,FALSE
m_f0_mean_u,f0_mean,u,c1_stress:pid5_negative_affectivity_c,Interaction,2.5237980838436638,1.7806178986696843,-1.0824662699999996,6.03774125,FALSE
m_f0_mean_u,f0_mean,u,c1_stress:pid5_psychoticism_c,Interaction,-1.131300684929132,1.9114787823317076,-4.8744928524999995,2.623828435,FALSE
m_f0_mean_u,f0_mean,u,pid5_antagonism_c:c2_recovery,Interaction,4.253658945529222,1.747489665531269,0.8230656265,7.6001463575,TRUE
m_f0_mean_u,f0_mean,u,pid5_detachment_c:c2_recovery,Interaction,-1.3605318568462959,1.8265048010769833,-4.917862767499999,2.1956984324999995,FALSE
m_f0_mean_u,f0_mean,u,pid5_disinhibition_c:c2_recovery,Interaction,-0.5500382020954429,2.000639132914306,-4.4084793925,3.3157885274999988,FALSE
m_f0_mean_u,f0_mean,u,pid5_negative_affectivity_c:c2_recovery,Interaction,0.14505411277393498,1.779332522611717,-3.307955255,3.6256579175,FALSE
m_f0_mean_u,f0_mean,u,pid5_psychoticism_c:c2_recovery,Interaction,-2.396790372250866,1.8424172672993786,-5.9812212375,1.230140532499997,FALSE
m_f0_mean_u,f0_mean,u,Intercept,Main,194.246937097,1.791955067373147,190.67514350000002,197.76280125000002,TRUE
m_f0_mean_u,f0_mean,u,c1_stress,Main,3.820495212318,1.3795933170654182,1.110746555,6.5146738724999995,TRUE
m_f0_mean_u,f0_mean,u,c2_recovery,Main,1.17308104270226,1.4196448493126488,-1.6098130899999998,3.9280911799999996,FALSE
m_f0_mean_u,f0_mean,u,pid5_antagonism_c,Main,-0.8045128545497091,1.7660924577382442,-4.3108532975,2.6891786249999985,FALSE
m_f0_mean_u,f0_mean,u,pid5_detachment_c,Main,-1.1146735091823279,1.9459669365952645,-4.995529265,2.6421881924999995,FALSE
m_f0_mean_u,f0_mean,u,pid5_disinhibition_c,Main,-1.37575221210427,2.0147711548805147,-5.371558930000001,2.5046246,FALSE
m_f0_mean_u,f0_mean,u,pid5_negative_affectivity_c,Main,0.8112604646130869,1.5738907525376067,-2.2806881475,3.88198804,FALSE
m_f0_mean_u,f0_mean,u,pid5_psychoticism_c,Main,6.1400483118699,1.835996375827111,2.5435667825,9.706985552499999,TRUE
m_f0_std_a,f0_std,a,c1_stress:pid5_antagonism_c,Interaction,0.1729742798798596,0.11481977064089077,-0.04836862414999999,0.39823971625,FALSE
m_f0_std_a,f0_std,a,c1_stress:pid5_detachment_c,Interaction,-0.022335995252052397,0.12120473139769215,-0.26528744725000003,0.2181894057499999,FALSE
m_f0_std_a,f0_std,a,c1_stress:pid5_disinhibition_c,Interaction,-0.17794388564497068,0.13425899017128828,-0.4442677645,0.08188544087499995,FALSE
m_f0_std_a,f0_std,a,c1_stress:pid5_negative_affectivity_c,Interaction,0.1511013164188453,0.11873044306939647,-0.08769473975,0.3820044457499999,FALSE
m_f0_std_a,f0_std,a,c1_stress:pid5_psychoticism_c,Interaction,-0.03761619677178123,0.12332571184958048,-0.28132491024999995,0.2095965724999999,FALSE
m_f0_std_a,f0_std,a,pid5_antagonism_c:c2_recovery,Interaction,-0.11082715139134984,0.11288654865894769,-0.32976672300000004,0.11522309474999981,FALSE
m_f0_std_a,f0_std,a,pid5_detachment_c:c2_recovery,Interaction,-0.015124740623892272,0.12153723965622627,-0.25636131325,0.22316836274999996,FALSE
m_f0_std_a,f0_std,a,pid5_disinhibition_c:c2_recovery,Interaction,1.2319008978774613e-4,0.13124586113999764,-0.25779318025,0.25941546799999987,FALSE
m_f0_std_a,f0_std,a,pid5_negative_affectivity_c:c2_recovery,Interaction,-0.0697465543040696,0.11505841168012505,-0.29255695275,0.15373995474999985,FALSE
m_f0_std_a,f0_std,a,pid5_psychoticism_c:c2_recovery,Interaction,0.0798501781802446,0.12085413493483126,-0.16089954625,0.3160178485,FALSE
m_f0_std_a,f0_std,a,Intercept,Main,1.53457187306,0.03933612209153648,1.458217285,1.6112817725000002,TRUE
m_f0_std_a,f0_std,a,c1_stress,Main,-0.1908268861605393,0.09513711756860013,-0.37628589875,-0.0038623614600000267,TRUE
m_f0_std_a,f0_std,a,c2_recovery,Main,-0.1599632187556353,0.09456919958842376,-0.34771726974999995,0.023789890249999952,FALSE
m_f0_std_a,f0_std,a,pid5_antagonism_c,Main,-0.0055734716717848595,0.046686916776961095,-0.09837925107500001,0.08534372334999994,FALSE
m_f0_std_a,f0_std,a,pid5_detachment_c,Main,0.0875881390430262,0.050724029375215814,-0.013316244499999998,0.18749403374999998,FALSE
m_f0_std_a,f0_std,a,pid5_disinhibition_c,Main,0.0455918931170537,0.056354162057492434,-0.0641939614,0.15693029499999997,FALSE
m_f0_std_a,f0_std,a,pid5_negative_affectivity_c,Main,-0.0748434128250765,0.04836616762311544,-0.16972597425000002,0.020817942899999994,FALSE
m_f0_std_a,f0_std,a,pid5_psychoticism_c,Main,-0.0830659165233959,0.05205622341323241,-0.185400656,0.01746479304999988,FALSE
m_f0_std_i,f0_std,i,c1_stress:pid5_antagonism_c,Interaction,0.06850736172188601,0.1237333727367591,-0.17169684175,0.3131986362499999,FALSE
m_f0_std_i,f0_std,i,c1_stress:pid5_detachment_c,Interaction,-0.026336689386867274,0.13013444727839282,-0.2823249885,0.229998558,FALSE
m_f0_std_i,f0_std,i,c1_stress:pid5_disinhibition_c,Interaction,-0.1389024572531081,0.14453471422533348,-0.418801216,0.142438918,FALSE
m_f0_std_i,f0_std,i,c1_stress:pid5_negative_affectivity_c,Interaction,0.17416776129964592,0.1293649359429405,-0.0807515543,0.4259800935,FALSE
m_f0_std_i,f0_std,i,c1_stress:pid5_psychoticism_c,Interaction,-0.0988472527220019,0.13527363200867398,-0.36663839324999997,0.16351474699999993,FALSE
m_f0_std_i,f0_std,i,pid5_antagonism_c:c2_recovery,Interaction,-0.03666406920438748,0.12257993020261884,-0.2794176855,0.20053050324999996,FALSE
m_f0_std_i,f0_std,i,pid5_detachment_c:c2_recovery,Interaction,-0.07329510495020179,0.12830348734446587,-0.32517624024999997,0.17610177749999995,FALSE
m_f0_std_i,f0_std,i,pid5_disinhibition_c:c2_recovery,Interaction,0.10971688559465344,0.1401918304138838,-0.16635905525,0.38276831624999996,FALSE
m_f0_std_i,f0_std,i,pid5_negative_affectivity_c:c2_recovery,Interaction,-0.04361948288373805,0.1262918239880616,-0.2907505595,0.20395126349999992,FALSE
m_f0_std_i,f0_std,i,pid5_psychoticism_c:c2_recovery,Interaction,0.028961212868881,0.12936175656898724,-0.2254151655,0.2827164554999999,FALSE
m_f0_std_i,f0_std,i,Intercept,Main,1.80804921474,0.051845120637102934,1.7061354899999999,1.9097802375,TRUE
m_f0_std_i,f0_std,i,c1_stress,Main,-0.09706782082016545,0.10158572805707537,-0.29334999399999995,0.10450175125,FALSE
m_f0_std_i,f0_std,i,c2_recovery,Main,-0.043273458673942,0.09966799050836349,-0.24140705325,0.1531566439999999,FALSE
m_f0_std_i,f0_std,i,pid5_antagonism_c,Main,-0.10097649219173664,0.06198786357766069,-0.222432361,0.021750138874999984,FALSE
m_f0_std_i,f0_std,i,pid5_detachment_c,Main,0.09217927612208308,0.06596209563105587,-0.0380252061,0.22037103224999985,FALSE
m_f0_std_i,f0_std,i,pid5_disinhibition_c,Main,0.015653569993693182,0.07310475616830131,-0.12672626525,0.15918853175,FALSE
m_f0_std_i,f0_std,i,pid5_negative_affectivity_c,Main,-0.00736508769050244,0.06325419278881975,-0.13194585975,0.115735891,FALSE
m_f0_std_i,f0_std,i,pid5_psychoticism_c,Main,-0.0096249225111532,0.06786017991411145,-0.14362506675,0.1222339125,FALSE
m_f0_std_u,f0_std,u,c1_stress:pid5_antagonism_c,Interaction,0.073574696645943,0.1243449942126604,-0.169908712,0.31664699549999986,FALSE
m_f0_std_u,f0_std,u,c1_stress:pid5_detachment_c,Interaction,-0.1180134803024781,0.13082569906482922,-0.37316607,0.146099599,FALSE
m_f0_std_u,f0_std,u,c1_stress:pid5_disinhibition_c,Interaction,0.0772639652068772,0.1439929448948543,-0.204620779,0.36255669899999987,FALSE
m_f0_std_u,f0_std,u,c1_stress:pid5_negative_affectivity_c,Interaction,0.06932616597555,0.12904743393288007,-0.18398347925,0.32405432024999986,FALSE
m_f0_std_u,f0_std,u,c1_stress:pid5_psychoticism_c,Interaction,-0.1138993518994732,0.13846470653967444,-0.38312743275,0.1591447032499998,FALSE
m_f0_std_u,f0_std,u,pid5_antagonism_c:c2_recovery,Interaction,-0.0067330691421384195,0.11761267268384579,-0.23849313749999998,0.22366942499999995,FALSE
m_f0_std_u,f0_std,u,pid5_detachment_c:c2_recovery,Interaction,-0.02673147976724242,0.12476722609649546,-0.26940062000000004,0.22388427174999992,FALSE
m_f0_std_u,f0_std,u,pid5_disinhibition_c:c2_recovery,Interaction,-0.1349358210224747,0.13548846891934568,-0.40182108125,0.1305557084999999,FALSE
m_f0_std_u,f0_std,u,pid5_negative_affectivity_c:c2_recovery,Interaction,0.13198103540922548,0.12333515528798684,-0.114590388,0.3698025662499999,FALSE
m_f0_std_u,f0_std,u,pid5_psychoticism_c:c2_recovery,Interaction,0.1194706577749228,0.1270933638146679,-0.12984710400000002,0.36787575024999997,FALSE
m_f0_std_u,f0_std,u,Intercept,Main,1.82011243966,0.05570992191233928,1.708818205,1.9282885275,TRUE
m_f0_std_u,f0_std,u,c1_stress,Main,-0.0903104095884004,0.10128691047790776,-0.2922763905,0.11195037649999981,FALSE
m_f0_std_u,f0_std,u,c2_recovery,Main,-0.1591716241165311,0.09577684086248088,-0.34942284124999995,0.025486409949999865,FALSE
m_f0_std_u,f0_std,u,pid5_antagonism_c,Main,-0.0667823831772116,0.06715121092968505,-0.19913937725,0.0650335,FALSE
m_f0_std_u,f0_std,u,pid5_detachment_c,Main,0.0369050285375504,0.07116119135714749,-0.10304149725,0.1787621602499999,FALSE
m_f0_std_u,f0_std,u,pid5_disinhibition_c,Main,0.0690129127334678,0.07913901319823181,-0.08670125837499999,0.22708989574999994,FALSE
m_f0_std_u,f0_std,u,pid5_negative_affectivity_c,Main,-0.07147050198381746,0.06703939782684712,-0.202795659,0.06123482589999998,FALSE
m_f0_std_u,f0_std,u,pid5_psychoticism_c,Main,-0.1001398258954064,0.07214137306471047,-0.24212358374999998,0.040594045149999966,FALSE
m_f2_mean_a,f2_mean,a,c1_stress:pid5_antagonism_c,Interaction,0.15409651179450012,7.280571894560963,-14.359818825,14.336874174999995,FALSE
m_f2_mean_a,f2_mean,a,c1_stress:pid5_detachment_c,Interaction,3.32127300549798,7.421579527401184,-11.487755624999998,18.19815399999999,FALSE
m_f2_mean_a,f2_mean,a,c1_stress:pid5_disinhibition_c,Interaction,-4.476365342352101,7.669587448636469,-19.5662028,10.536822699999997,FALSE
m_f2_mean_a,f2_mean,a,c1_stress:pid5_negative_affectivity_c,Interaction,-1.388438329287098,7.389536922410527,-16.027792225000002,12.959311349999997,FALSE
m_f2_mean_a,f2_mean,a,c1_stress:pid5_psychoticism_c,Interaction,7.51285750734273,7.852266418817826,-8.224119325,22.537834725,FALSE
m_f2_mean_a,f2_mean,a,pid5_antagonism_c:c2_recovery,Interaction,4.5796096950975524,7.158793847006051,-9.6172024775,18.416366624999995,FALSE
m_f2_mean_a,f2_mean,a,pid5_detachment_c:c2_recovery,Interaction,0.6025245725736342,7.25141689915267,-13.330497375,15.113360449999986,FALSE
m_f2_mean_a,f2_mean,a,pid5_disinhibition_c:c2_recovery,Interaction,-2.5797996379565102,7.673572549554598,-17.789373349999998,12.443337974999999,FALSE
m_f2_mean_a,f2_mean,a,pid5_negative_affectivity_c:c2_recovery,Interaction,-4.12444787242773,7.350399550109217,-18.3552351,10.377720624999993,FALSE
m_f2_mean_a,f2_mean,a,pid5_psychoticism_c:c2_recovery,Interaction,-5.56945910052084,7.412747918565635,-19.967997525,8.928367867499997,FALSE
m_f2_mean_a,f2_mean,a,Intercept,Main,1157.60041366,5.453042670265636,1146.9940350000002,1168.5820775,TRUE
m_f2_mean_a,f2_mean,a,c1_stress,Main,-13.3361919492468,7.0683721584483665,-26.907715324999998,0.7992717279999981,FALSE
m_f2_mean_a,f2_mean,a,c2_recovery,Main,-0.5713253618692817,6.874328431125721,-13.94618395,12.949699724999993,FALSE
m_f2_mean_a,f2_mean,a,pid5_antagonism_c,Main,6.83170494031753,5.271065107436343,-3.31705187,17.14660835,FALSE
m_f2_mean_a,f2_mean,a,pid5_detachment_c,Main,8.45927299672595,5.397269586967962,-1.98367734,19.14486234999999,FALSE
m_f2_mean_a,f2_mean,a,pid5_disinhibition_c,Main,-0.396413517056368,5.716120939599588,-11.854341674999999,10.943671549999998,FALSE
m_f2_mean_a,f2_mean,a,pid5_negative_affectivity_c,Main,-4.206117478265236,5.307779172783356,-14.423888400000001,6.358513577499996,FALSE
m_f2_mean_a,f2_mean,a,pid5_psychoticism_c,Main,-5.49110849912235,5.6164714788256145,-16.390845199999998,5.545681802499999,FALSE
m_f2_mean_i,f2_mean,i,c1_stress:pid5_antagonism_c,Interaction,3.113720872765884,9.448084917020928,-15.385544375,21.33262862499999,FALSE
m_f2_mean_i,f2_mean,i,c1_stress:pid5_detachment_c,Interaction,2.902664922531478,9.679715363674728,-16.3596351,21.943457525,FALSE
m_f2_mean_i,f2_mean,i,c1_stress:pid5_disinhibition_c,Interaction,3.74645122906859,9.395272992725275,-14.622515125,21.85655744999999,FALSE
m_f2_mean_i,f2_mean,i,c1_stress:pid5_negative_affectivity_c,Interaction,0.5722438104381499,9.563182099382217,-18.2712458,19.321496625,FALSE
m_f2_mean_i,f2_mean,i,c1_stress:pid5_psychoticism_c,Interaction,0.002103440284234664,9.701362217644766,-19.180471450000002,19.279996824999994,FALSE
m_f2_mean_i,f2_mean,i,pid5_antagonism_c:c2_recovery,Interaction,-1.00388996962173,9.6103235928098,-19.849510425,18.109293649999998,FALSE
m_f2_mean_i,f2_mean,i,pid5_detachment_c:c2_recovery,Interaction,-0.28944759156698,9.552979800094382,-19.072370275,18.368528999999985,FALSE
m_f2_mean_i,f2_mean,i,pid5_disinhibition_c:c2_recovery,Interaction,-5.33654295839795,9.460495521944521,-23.843961224999997,12.959051574999995,FALSE
m_f2_mean_i,f2_mean,i,pid5_negative_affectivity_c:c2_recovery,Interaction,-2.04251724396421,9.80689574162083,-21.676676924999995,17.045138275,FALSE
m_f2_mean_i,f2_mean,i,pid5_psychoticism_c:c2_recovery,Interaction,-1.953598380184562,9.669453843683138,-20.968301375000003,16.981990549999995,FALSE
m_f2_mean_i,f2_mean,i,Intercept,Main,2308.79654893,22.501601262984202,2259.4242225,2347.4508625,TRUE
m_f2_mean_i,f2_mean,i,c1_stress,Main,-2.481171692919218,9.478983164581306,-20.622634575,16.22101144999999,FALSE
m_f2_mean_i,f2_mean,i,c2_recovery,Main,-1.9877631322593492,9.641218169962388,-21.248358625,17.019195699999997,FALSE
m_f2_mean_i,f2_mean,i,pid5_antagonism_c,Main,-6.87660497538958,8.121161323880203,-22.716300499999996,9.0942204025,FALSE
m_f2_mean_i,f2_mean,i,pid5_detachment_c,Main,-1.356072560821255,8.320506813060883,-17.691686625,14.864482574999991,FALSE
m_f2_mean_i,f2_mean,i,pid5_disinhibition_c,Main,1.6504028464741498,8.378143858738246,-14.8287886,18.083959449999988,FALSE
m_f2_mean_i,f2_mean,i,pid5_negative_affectivity_c,Main,1.432986342823228,8.404947141542584,-14.925825525,17.85258239999999,FALSE
m_f2_mean_i,f2_mean,i,pid5_psychoticism_c,Main,-8.22797162294685,8.370115021514943,-24.6232625,7.8939369799999755,FALSE
m_f2_mean_u,f2_mean,u,c1_stress:pid5_antagonism_c,Interaction,-0.5655756792390001,7.611955060064065,-15.34370235,14.287417924999994,FALSE
m_f2_mean_u,f2_mean,u,c1_stress:pid5_detachment_c,Interaction,-3.14632568373623,7.578890174567163,-17.988371575,11.758033049999995,FALSE
m_f2_mean_u,f2_mean,u,c1_stress:pid5_disinhibition_c,Interaction,-6.2153615248732,7.062757250634154,-20.0032331,7.675799797499982,FALSE
m_f2_mean_u,f2_mean,u,c1_stress:pid5_negative_affectivity_c,Interaction,-7.299246627265189,7.119625597380823,-21.118568525,6.796273569999984,FALSE
m_f2_mean_u,f2_mean,u,c1_stress:pid5_psychoticism_c,Interaction,-9.423725473299196,7.432882026722536,-23.785765925000003,5.389449342499991,FALSE
m_f2_mean_u,f2_mean,u,pid5_antagonism_c:c2_recovery,Interaction,1.57668941499882,7.15573328164266,-12.337531149999997,15.545507499999996,FALSE
m_f2_mean_u,f2_mean,u,pid5_detachment_c:c2_recovery,Interaction,-1.3336890354486783,7.362629352813882,-15.990108075,13.099796799999996,FALSE
m_f2_mean_u,f2_mean,u,pid5_disinhibition_c:c2_recovery,Interaction,1.3974549555430502,7.1904089353406855,-12.46108905,15.422845799999997,FALSE
m_f2_mean_u,f2_mean,u,pid5_negative_affectivity_c:c2_recovery,Interaction,-0.19514801428245995,6.866081750838027,-13.7195016,13.026337724999996,FALSE
m_f2_mean_u,f2_mean,u,pid5_psychoticism_c:c2_recovery,Interaction,-9.781935459474209,7.3063462214677175,-24.109864449999996,4.755384447499999,FALSE
m_f2_mean_u,f2_mean,u,Intercept,Main,1052.7158281,4.988207061679709,1043.4360925,1062.94816,TRUE
m_f2_mean_u,f2_mean,u,c1_stress,Main,-8.45391478787325,6.443354126478671,-21.17999825,4.020792002499998,FALSE
m_f2_mean_u,f2_mean,u,c2_recovery,Main,-2.12277440940451,6.205848060558875,-14.25804385,9.8932734075,FALSE
m_f2_mean_u,f2_mean,u,pid5_antagonism_c,Main,-0.6619357163024449,5.280338677091436,-10.990884475,9.850920032499996,FALSE
m_f2_mean_u,f2_mean,u,pid5_detachment_c,Main,11.5256755523708,5.104502726193437,1.4592262700000003,21.561104699999998,TRUE
m_f2_mean_u,f2_mean,u,pid5_disinhibition_c,Main,3.661024416935315,5.189017096706546,-6.6867117575,13.923921774999997,FALSE
m_f2_mean_u,f2_mean,u,pid5_negative_affectivity_c,Main,-10.35546117866032,4.6756081839948855,-19.431096625,-1.3079907075000061,TRUE
m_f2_mean_u,f2_mean,u,pid5_psychoticism_c,Main,-0.3784923709034399,5.074716471050521,-10.24330755,9.489700164999999,FALSE
m_f2_std_a,f2_std,a,c1_stress:pid5_antagonism_c,Interaction,0.007997833850725621,0.05601629243501474,-0.10112684775,0.11836966874999996,FALSE
m_f2_std_a,f2_std,a,c1_stress:pid5_detachment_c,Interaction,-0.0293313604878853,0.06063974555973851,-0.14635818099999998,0.09109038749999993,FALSE
m_f2_std_a,f2_std,a,c1_stress:pid5_disinhibition_c,Interaction,-0.03592301948973008,0.06702770001630814,-0.16763398300000001,0.09462265527499997,FALSE
m_f2_std_a,f2_std,a,c1_stress:pid5_negative_affectivity_c,Interaction,-0.1562356646445788,0.05897504226057035,-0.271378856,-0.04243495922500002,TRUE
m_f2_std_a,f2_std,a,c1_stress:pid5_psychoticism_c,Interaction,0.08136101814458332,0.06230554171027006,-0.043748381225,0.20367685199999996,FALSE
m_f2_std_a,f2_std,a,pid5_antagonism_c:c2_recovery,Interaction,-0.0429901258348118,0.057808959751274556,-0.15861850775,0.07088605724999998,FALSE
m_f2_std_a,f2_std,a,pid5_detachment_c:c2_recovery,Interaction,-0.1036376588107228,0.062309625040915625,-0.22623303875,0.019701427774999888,FALSE
m_f2_std_a,f2_std,a,pid5_disinhibition_c:c2_recovery,Interaction,0.0788695806621505,0.06893911480513808,-0.0551377458,0.21401617599999997,FALSE
m_f2_std_a,f2_std,a,pid5_negative_affectivity_c:c2_recovery,Interaction,-0.1269163042517944,0.06024118442969247,-0.246252454,-0.008859996560000017,TRUE
m_f2_std_a,f2_std,a,pid5_psychoticism_c:c2_recovery,Interaction,0.04828962009805883,0.06328674877384943,-0.0744338978,0.17214642299999997,FALSE
m_f2_std_a,f2_std,a,Intercept,Main,4.00370786373,0.026087386180943205,3.9526739399999995,4.0547261925,TRUE
m_f2_std_a,f2_std,a,c1_stress,Main,-0.0609761969937238,0.04643257116058087,-0.1520249295,0.029671160049999996,FALSE
m_f2_std_a,f2_std,a,c2_recovery,Main,-0.060247278390947116,0.04884228253400156,-0.15674460425,0.03600316374999997,FALSE
m_f2_std_a,f2_std,a,pid5_antagonism_c,Main,0.01912764198740748,0.030584149982321732,-0.03999281295,0.07955514007499996,FALSE
m_f2_std_a,f2_std,a,pid5_detachment_c,Main,0.07321523941179033,0.0331291386188844,0.009068440135000001,0.1383289985,TRUE
m_f2_std_a,f2_std,a,pid5_disinhibition_c,Main,-0.024775584338865148,0.03642348093327679,-0.096844580625,0.04613789349999998,FALSE
m_f2_std_a,f2_std,a,pid5_negative_affectivity_c,Main,-0.0065651141829560595,0.032080512093496875,-0.070002539075,0.056560998949999955,FALSE
m_f2_std_a,f2_std,a,pid5_psychoticism_c,Main,0.01464484179067532,0.03313681796890374,-0.050079791875,0.07942558514999999,FALSE
m_f2_std_i,f2_std,i,c1_stress:pid5_antagonism_c,Interaction,0.10269554725908796,0.1124511677490114,-0.11638816249999999,0.3272216592499999,FALSE
m_f2_std_i,f2_std,i,c1_stress:pid5_detachment_c,Interaction,-0.1674507696882682,0.12165687819667131,-0.4075760075,0.07158454729999965,FALSE
m_f2_std_i,f2_std,i,c1_stress:pid5_disinhibition_c,Interaction,0.005963847303380882,0.1338714080869138,-0.259993358,0.269814024,FALSE
m_f2_std_i,f2_std,i,c1_stress:pid5_negative_affectivity_c,Interaction,0.21302672962226898,0.11777941239235534,-0.020867527674999997,0.44016691625,FALSE
m_f2_std_i,f2_std,i,c1_stress:pid5_psychoticism_c,Interaction,-0.2311979387637153,0.12238336690669646,-0.46791409624999997,0.012966076024999891,FALSE
m_f2_std_i,f2_std,i,pid5_antagonism_c:c2_recovery,Interaction,0.036191877557012184,0.11014239821596865,-0.17683659925,0.2561188455,FALSE
m_f2_std_i,f2_std,i,pid5_detachment_c:c2_recovery,Interaction,-0.294803419994945,0.11712754057999616,-0.5278821804999999,-0.06346956737500008,TRUE
m_f2_std_i,f2_std,i,pid5_disinhibition_c:c2_recovery,Interaction,0.2128218603444293,0.12591452747888493,-0.031518382474999995,0.4605979469999999,FALSE
m_f2_std_i,f2_std,i,pid5_negative_affectivity_c:c2_recovery,Interaction,0.1089489801673119,0.1135520436239742,-0.107510916,0.33077797774999984,FALSE
m_f2_std_i,f2_std,i,pid5_psychoticism_c:c2_recovery,Interaction,-0.0586220805259592,0.11857980902589368,-0.29169316175000004,0.17208781624999986,FALSE
m_f2_std_i,f2_std,i,Intercept,Main,4.74992604166,0.04219760494207748,4.6670791925,4.8324025825,TRUE
m_f2_std_i,f2_std,i,c1_stress,Main,0.1014382963777793,0.09359137276159042,-0.08163256314999999,0.2852274102499999,FALSE
m_f2_std_i,f2_std,i,c2_recovery,Main,0.0938682371951401,0.09321035873978696,-0.089541341025,0.2788388214999998,FALSE
m_f2_std_i,f2_std,i,pid5_antagonism_c,Main,-0.009913872778434429,0.051822613249604674,-0.111950608,0.09030617859999998,FALSE
m_f2_std_i,f2_std,i,pid5_detachment_c,Main,0.012422888027879109,0.054937877833902124,-0.093843271825,0.12128890449999988,FALSE
m_f2_std_i,f2_std,i,pid5_disinhibition_c,Main,-0.01632050901644381,0.06106374417357899,-0.13666521574999999,0.10313030624999997,FALSE
m_f2_std_i,f2_std,i,pid5_negative_affectivity_c,Main,-0.055350507696115006,0.05285455478956724,-0.15992648574999999,0.04777838634999997,FALSE
m_f2_std_i,f2_std,i,pid5_psychoticism_c,Main,0.10510908610623713,0.05521929289065109,-0.0021036139824999996,0.2132560155,FALSE
m_f2_std_u,f2_std,u,c1_stress:pid5_antagonism_c,Interaction,0.05732974702418212,0.12478340128143686,-0.19008413224999998,0.3013826629999999,FALSE
m_f2_std_u,f2_std,u,c1_stress:pid5_detachment_c,Interaction,-0.0530090592264839,0.13226328982814384,-0.31416956099999993,0.20628191499999965,FALSE
m_f2_std_u,f2_std,u,c1_stress:pid5_disinhibition_c,Interaction,0.1187089180612295,0.14854963163430424,-0.16989510199999996,0.41457880524999996,FALSE
m_f2_std_u,f2_std,u,c1_stress:pid5_negative_affectivity_c,Interaction,0.006728640490953621,0.12866213759214057,-0.2488716555,0.26038523275,FALSE
m_f2_std_u,f2_std,u,c1_stress:pid5_psychoticism_c,Interaction,-0.2770756873573555,0.13858757981946637,-0.54632048125,-1.3319551087501703e-4,TRUE
m_f2_std_u,f2_std,u,pid5_antagonism_c:c2_recovery,Interaction,-0.07463277993653131,0.1341549977581992,-0.33838972725,0.18076005149999996,FALSE
m_f2_std_u,f2_std,u,pid5_detachment_c:c2_recovery,Interaction,0.1701832004585515,0.13730338988481985,-0.10057426675,0.43229547399999996,FALSE
m_f2_std_u,f2_std,u,pid5_disinhibition_c:c2_recovery,Interaction,-0.0176343945292408,0.15250998167954785,-0.31692439625,0.2805566997499999,FALSE
m_f2_std_u,f2_std,u,pid5_negative_affectivity_c:c2_recovery,Interaction,0.11915074361020479,0.13602769708968376,-0.14945961725,0.3909011157499999,FALSE
m_f2_std_u,f2_std,u,pid5_psychoticism_c:c2_recovery,Interaction,-0.1947695539051053,0.14288074105144674,-0.4778637925,0.08566636824999997,FALSE
m_f2_std_u,f2_std,u,Intercept,Main,4.23910881742,0.040709703381915534,4.1586472025,4.3196771,TRUE
m_f2_std_u,f2_std,u,c1_stress,Main,-0.0707261941579502,0.10500024480055624,-0.27428887849999994,0.13659890249999998,FALSE
m_f2_std_u,f2_std,u,c2_recovery,Main,-0.04814251808934076,0.10963561290280659,-0.26266999950000003,0.16899957549999992,FALSE
m_f2_std_u,f2_std,u,pid5_antagonism_c,Main,-0.0415099568201858,0.04935660082257684,-0.13696020600000003,0.05623097479999997,FALSE
m_f2_std_u,f2_std,u,pid5_detachment_c,Main,0.1122219777787119,0.052623220133189125,0.008541191777500002,0.21249878549999993,TRUE
m_f2_std_u,f2_std,u,pid5_disinhibition_c,Main,-0.0651837535546531,0.0585250549647565,-0.18149693574999998,0.04895256574999997,FALSE
m_f2_std_u,f2_std,u,pid5_negative_affectivity_c,Main,-0.09633164525096191,0.050763317524152446,-0.19651444575,0.0030583916574999813,FALSE
m_f2_std_u,f2_std,u,pid5_psychoticism_c,Main,0.035691624448771296,0.053166941016348376,-0.070767479725,0.139480413,FALSE
m_jitter_a,jitter,a,c1_stress:pid5_antagonism_c,Interaction,0.11651968647536831,0.08766475750315064,-0.055449667375,0.2883919119999999,FALSE
m_jitter_a,jitter,a,c1_stress:pid5_detachment_c,Interaction,0.06759569412972251,0.0954515025107688,-0.12088253425,0.25291613049999995,FALSE
m_jitter_a,jitter,a,c1_stress:pid5_disinhibition_c,Interaction,-0.1457132934973169,0.10452663914340765,-0.34615682125,0.06130954822499978,FALSE
m_jitter_a,jitter,a,c1_stress:pid5_negative_affectivity_c,Interaction,0.08384526729222087,0.09168101452864683,-0.09928903879999999,0.2659279742499999,FALSE
m_jitter_a,jitter,a,c1_stress:pid5_psychoticism_c,Interaction,-0.03800141405244569,0.09821757535951958,-0.23045060574999998,0.15624722474999997,FALSE
m_jitter_a,jitter,a,pid5_antagonism_c:c2_recovery,Interaction,-0.0923191419690256,0.0874892319384525,-0.26444705625,0.08003140589999987,FALSE
m_jitter_a,jitter,a,pid5_detachment_c:c2_recovery,Interaction,-0.019810515337708074,0.09247471102292637,-0.19900717249999997,0.15907502224999995,FALSE
m_jitter_a,jitter,a,pid5_disinhibition_c:c2_recovery,Interaction,0.051795197377213206,0.1037610045396595,-0.14931644325000001,0.25572246874999993,FALSE
m_jitter_a,jitter,a,pid5_negative_affectivity_c:c2_recovery,Interaction,-0.0848564974337544,0.08935600329614249,-0.25739296675000006,0.09157986857499989,FALSE
m_jitter_a,jitter,a,pid5_psychoticism_c:c2_recovery,Interaction,0.050946082642101397,0.09345448036177238,-0.1323002785,0.23548685624999996,FALSE
m_jitter_a,jitter,a,Intercept,Main,-0.423441103495,0.03845682330374777,-0.49768207649999996,-0.34681352575,TRUE
m_jitter_a,jitter,a,c1_stress,Main,-0.160148265146348,0.07248050831895747,-0.30317517050000004,-0.01887776917500001,TRUE
m_jitter_a,jitter,a,c2_recovery,Main,-0.0931423061448592,0.07142512858631335,-0.23191825024999999,0.04693539584999994,FALSE
m_jitter_a,jitter,a,pid5_antagonism_c,Main,0.0208204548050132,0.046099498951457756,-0.06783855917500001,0.11131248099999996,FALSE
m_jitter_a,jitter,a,pid5_detachment_c,Main,0.08105975075936657,0.050116731946689475,-0.017854194299999997,0.17908308074999996,FALSE
m_jitter_a,jitter,a,pid5_disinhibition_c,Main,-0.0037687412058199686,0.05466298207477271,-0.11084959275,0.10374622574999995,FALSE
m_jitter_a,jitter,a,pid5_negative_affectivity_c,Main,-0.0913475705183397,0.04698546551937455,-0.18358553549999998,0.001533178494999975,FALSE
m_jitter_a,jitter,a,pid5_psychoticism_c,Main,-0.0951228805660388,0.05077754903136691,-0.194280516,0.005907636342499981,FALSE
m_jitter_i,jitter,i,c1_stress:pid5_antagonism_c,Interaction,0.0849607416198381,0.10495156061273286,-0.12301757775,0.29226254975,FALSE
m_jitter_i,jitter,i,c1_stress:pid5_detachment_c,Interaction,0.09531257033750487,0.1141174566792544,-0.131474557,0.3175472305,FALSE
m_jitter_i,jitter,i,c1_stress:pid5_disinhibition_c,Interaction,-0.1237063344503948,0.12733885768459197,-0.3732523325,0.12841504699999998,FALSE
m_jitter_i,jitter,i,c1_stress:pid5_negative_affectivity_c,Interaction,0.076574368909591,0.10914156480702382,-0.14369914199999997,0.29379719024999995,FALSE
m_jitter_i,jitter,i,c1_stress:pid5_psychoticism_c,Interaction,-0.193114869319662,0.11702027028329001,-0.426570527,0.040723030149999805,FALSE
m_jitter_i,jitter,i,pid5_antagonism_c:c2_recovery,Interaction,0.0345846523726652,0.10282239989100636,-0.17089646675,0.23375617975,FALSE
m_jitter_i,jitter,i,pid5_detachment_c:c2_recovery,Interaction,0.02274152712076779,0.1096298450745846,-0.19376222399999998,0.23637373574999998,FALSE
m_jitter_i,jitter,i,pid5_disinhibition_c:c2_recovery,Interaction,0.05170203055598519,0.11993395906489744,-0.1834935465,0.2873777012499999,FALSE
m_jitter_i,jitter,i,pid5_negative_affectivity_c:c2_recovery,Interaction,-0.024494458116553895,0.1077090391136097,-0.23748718724999998,0.18598247149999983,FALSE
m_jitter_i,jitter,i,pid5_psychoticism_c:c2_recovery,Interaction,-0.0418344914487594,0.10991163954591171,-0.25524948249999996,0.1745955757499998,FALSE
m_jitter_i,jitter,i,Intercept,Main,-0.32435280041,0.046609610343426394,-0.41478342075,-0.23201871175,TRUE
m_jitter_i,jitter,i,c1_stress,Main,-0.0638442013537563,0.08705852928520114,-0.23392467774999998,0.10795206599999997,FALSE
m_jitter_i,jitter,i,c2_recovery,Main,-0.02538706528992939,0.08500625562372513,-0.1934551055,0.14099866325,FALSE
m_jitter_i,jitter,i,pid5_antagonism_c,Main,-0.060874588917909,0.05451274573893992,-0.16890267025,0.04510370127499994,FALSE
m_jitter_i,jitter,i,pid5_detachment_c,Main,0.1051528291411437,0.05968717850480906,-0.012582428999999997,0.22163215825,FALSE
m_jitter_i,jitter,i,pid5_disinhibition_c,Main,0.0360462498495712,0.06672333648881379,-0.09287585179999999,0.16710089724999988,FALSE
m_jitter_i,jitter,i,pid5_negative_affectivity_c,Main,-0.05470076981283796,0.056448546489697216,-0.166968688,0.05588884707499999,FALSE
m_jitter_i,jitter,i,pid5_psychoticism_c,Main,-0.03350536852127463,0.06045505886205172,-0.152158061,0.0886040529,FALSE
m_jitter_u,jitter,u,c1_stress:pid5_antagonism_c,Interaction,0.1473480431019952,0.11244222460924312,-0.073716791125,0.36755538249999975,FALSE
m_jitter_u,jitter,u,c1_stress:pid5_detachment_c,Interaction,-0.1170435311269587,0.11997471500070374,-0.3502600645,0.12228643524999988,FALSE
m_jitter_u,jitter,u,c1_stress:pid5_disinhibition_c,Interaction,0.047318534864470435,0.13338052875256218,-0.2132575475,0.30974641099999994,FALSE
m_jitter_u,jitter,u,c1_stress:pid5_negative_affectivity_c,Interaction,0.1516021326323358,0.11421482656926851,-0.073774557825,0.37203770324999996,FALSE
m_jitter_u,jitter,u,c1_stress:pid5_psychoticism_c,Interaction,-0.1974406975226908,0.12269324236500218,-0.433852786,0.04258974412499997,FALSE
m_jitter_u,jitter,u,pid5_antagonism_c:c2_recovery,Interaction,0.04288894270560605,0.09591408119295977,-0.14905233774999999,0.22985481449999992,FALSE
m_jitter_u,jitter,u,pid5_detachment_c:c2_recovery,Interaction,-0.07739465383032071,0.10228082264425561,-0.27627340075000006,0.12341541399999993,FALSE
m_jitter_u,jitter,u,pid5_disinhibition_c:c2_recovery,Interaction,-0.144664000898544,0.113294959173566,-0.36683664399999993,0.07678620167499993,FALSE
m_jitter_u,jitter,u,pid5_negative_affectivity_c:c2_recovery,Interaction,0.1559790899396891,0.10052543014358825,-0.042092657799999995,0.35203201775,FALSE
m_jitter_u,jitter,u,pid5_psychoticism_c:c2_recovery,Interaction,0.07680481505823475,0.10509646107739966,-0.12769521875,0.2844915157499999,FALSE
m_jitter_u,jitter,u,Intercept,Main,-0.299736792172,0.051613017732913685,-0.399538345,-0.19605767375000002,TRUE
m_jitter_u,jitter,u,c1_stress,Main,-0.0907799748600794,0.09225873815725243,-0.270308692,0.0887192254499999,FALSE
m_jitter_u,jitter,u,c2_recovery,Main,-0.1297482452954353,0.07794128295143304,-0.2852290365,0.023807334149999984,FALSE
m_jitter_u,jitter,u,pid5_antagonism_c,Main,-0.00871340129961813,0.06036284787413037,-0.12690649725000003,0.1115746557499999,FALSE
m_jitter_u,jitter,u,pid5_detachment_c,Main,0.0410691939739545,0.06581225778611892,-0.08999972075,0.1679816095,FALSE
m_jitter_u,jitter,u,pid5_disinhibition_c,Main,0.022362100586114705,0.07153169324762429,-0.1237621995,0.15854824674999998,FALSE
m_jitter_u,jitter,u,pid5_negative_affectivity_c,Main,-0.045769641471040706,0.06086900030625583,-0.1656604355,0.07221592677499995,FALSE
m_jitter_u,jitter,u,pid5_psychoticism_c,Main,-0.10562941356066191,0.06568327935625307,-0.23406922349999998,0.023388570449999993,FALSE
m_nne_a,nne,a,c1_stress:pid5_antagonism_c,Interaction,-0.183565571517985,0.5090348510469684,-1.1766556175,0.8154811932499993,FALSE
m_nne_a,nne,a,c1_stress:pid5_detachment_c,Interaction,5.765905252182801e-4,0.5514852636238516,-1.0797525424999999,1.0817474825000002,FALSE
m_nne_a,nne,a,c1_stress:pid5_disinhibition_c,Interaction,0.616398961836085,0.60396987253243,-0.57026603025,1.8006791549999999,FALSE
m_nne_a,nne,a,c1_stress:pid5_negative_affectivity_c,Interaction,-0.15165125144861202,0.5293873466331578,-1.1723335049999999,0.9000113709999993,FALSE
m_nne_a,nne,a,c1_stress:pid5_psychoticism_c,Interaction,0.359548786974626,0.5630406273478946,-0.7462495419999999,1.454325025,FALSE
m_nne_a,nne,a,pid5_antagonism_c:c2_recovery,Interaction,-0.5138941158469325,0.5001046300491079,-1.5080920999999998,0.4724624817499998,FALSE
m_nne_a,nne,a,pid5_detachment_c:c2_recovery,Interaction,-0.131671375664996,0.5414187285479867,-1.20400888,0.9434478572499995,FALSE
m_nne_a,nne,a,pid5_disinhibition_c:c2_recovery,Interaction,0.09522247224070998,0.5826257454736228,-1.031954455,1.2595433075,FALSE
m_nne_a,nne,a,pid5_negative_affectivity_c:c2_recovery,Interaction,-0.32293366894221703,0.524266008011045,-1.3481029599999999,0.7077425644999988,FALSE
m_nne_a,nne,a,pid5_psychoticism_c:c2_recovery,Interaction,0.8324555029265079,0.5438043647393762,-0.23453864599999996,1.9095829924999999,FALSE
m_nne_a,nne,a,Intercept,Main,-24.4966538963,0.26324532652526045,-25.007189975,-23.974118100000002,TRUE
m_nne_a,nne,a,c1_stress,Main,-1.01011424376457,0.41544000022222016,-1.8147714275,-0.19160385575000033,TRUE
m_nne_a,nne,a,c2_recovery,Main,-0.5997624316015014,0.4058051007502182,-1.3755155124999998,0.19369089899999972,FALSE
m_nne_a,nne,a,pid5_antagonism_c,Main,-0.2683906615176867,0.30754090035624393,-0.88361425575,0.3321782384999996,FALSE
m_nne_a,nne,a,pid5_detachment_c,Main,-0.2574147604653498,0.33209478805057774,-0.89957274925,0.4141097242499997,FALSE
m_nne_a,nne,a,pid5_disinhibition_c,Main,0.5895010441577632,0.36977577903088926,-0.13427395674999998,1.3126909249999996,FALSE
m_nne_a,nne,a,pid5_negative_affectivity_c,Main,0.29308512066579206,0.3081567402560589,-0.30757330324999993,0.8967583082499999,FALSE
m_nne_a,nne,a,pid5_psychoticism_c,Main,-0.757400962988317,0.3365575864798849,-1.4151589825,-0.09257651547500026,TRUE
m_nne_i,nne,i,c1_stress:pid5_antagonism_c,Interaction,0.307186926597815,0.4248237903906076,-0.52662682825,1.1315965374999999,FALSE
m_nne_i,nne,i,c1_stress:pid5_detachment_c,Interaction,0.0550431714654582,0.45259305796610017,-0.8341328760000001,0.9341601774999999,FALSE
m_nne_i,nne,i,c1_stress:pid5_disinhibition_c,Interaction,0.0496008381762079,0.5109589792279435,-0.94782017725,1.0364389049999998,FALSE
m_nne_i,nne,i,c1_stress:pid5_negative_affectivity_c,Interaction,-0.0824338376866897,0.44132834116866576,-0.9648233685000001,0.7772998399999993,FALSE
m_nne_i,nne,i,c1_stress:pid5_psychoticism_c,Interaction,-0.190725794713268,0.4665768238209199,-1.1016921999999998,0.7473581339999993,FALSE
m_nne_i,nne,i,pid5_antagonism_c:c2_recovery,Interaction,-0.1011626227289163,0.4567374144817133,-0.9923956219999999,0.7888784887499994,FALSE
m_nne_i,nne,i,pid5_detachment_c:c2_recovery,Interaction,-0.2027967964637086,0.4891112131629443,-1.1645818575,0.7513842009999999,FALSE
m_nne_i,nne,i,pid5_disinhibition_c:c2_recovery,Interaction,-0.1954654445013457,0.5444712955364734,-1.2662588350000001,0.86666481875,FALSE
m_nne_i,nne,i,pid5_negative_affectivity_c:c2_recovery,Interaction,-0.03694427586321598,0.4802262045927697,-0.97056868175,0.9137367792499999,FALSE
m_nne_i,nne,i,pid5_psychoticism_c:c2_recovery,Interaction,0.70728684638029,0.4854798565788196,-0.24454935899999997,1.6519266275,FALSE
m_nne_i,nne,i,Intercept,Main,-27.7711694582,0.23460626482007968,-28.227918850000002,-27.3050643,TRUE
m_nne_i,nne,i,c1_stress,Main,-0.167098554184162,0.342609150428099,-0.8441122057500001,0.4995930292499997,FALSE
m_nne_i,nne,i,c2_recovery,Main,0.258498295361622,0.37988386633127635,-0.4893268885,0.9947246732499998,FALSE
m_nne_i,nne,i,pid5_antagonism_c,Main,-0.02446285587477042,0.2653160969241394,-0.5475047470000001,0.49366472749999984,FALSE
m_nne_i,nne,i,pid5_detachment_c,Main,0.017268409971193485,0.2877501613412642,-0.53838598325,0.5880389574999998,FALSE
m_nne_i,nne,i,pid5_disinhibition_c,Main,0.17443662128052703,0.31407277348691676,-0.4505361774999999,0.78137999175,FALSE
m_nne_i,nne,i,pid5_negative_affectivity_c,Main,0.03584683151135329,0.26911384723053045,-0.49537463225,0.5627687282499998,FALSE
m_nne_i,nne,i,pid5_psychoticism_c,Main,-0.551312956729014,0.2899758908856345,-1.1171136700000002,0.026180704924999982,FALSE
m_nne_u,nne,u,c1_stress:pid5_antagonism_c,Interaction,0.2009362559471538,0.44793201420259326,-0.6728096525,1.0778273325,FALSE
m_nne_u,nne,u,c1_stress:pid5_detachment_c,Interaction,-0.004718628876872994,0.48024824416634326,-0.9527333029999999,0.9272535507499997,FALSE
m_nne_u,nne,u,c1_stress:pid5_disinhibition_c,Interaction,0.4449968639441569,0.5377226498610503,-0.605837494,1.5127312199999998,FALSE
m_nne_u,nne,u,c1_stress:pid5_negative_affectivity_c,Interaction,-0.6787769445864615,0.4675830993712694,-1.601786765,0.23963192949999998,FALSE
m_nne_u,nne,u,c1_stress:pid5_psychoticism_c,Interaction,-0.3676690541838819,0.4913306800377914,-1.3197731449999999,0.5998787222499995,FALSE
m_nne_u,nne,u,pid5_antagonism_c:c2_recovery,Interaction,-0.228793193220696,0.39931169000385464,-1.0185439225,0.5702562622499999,FALSE
m_nne_u,nne,u,pid5_detachment_c:c2_recovery,Interaction,0.3177941681332872,0.4193526159876189,-0.5012831235,1.1535725,FALSE
m_nne_u,nne,u,pid5_disinhibition_c:c2_recovery,Interaction,-0.362706906572539,0.47389985273262253,-1.287678765,0.5902002629999998,FALSE
m_nne_u,nne,u,pid5_negative_affectivity_c:c2_recovery,Interaction,-0.4267623765788275,0.4130372044644595,-1.237303225,0.39379065374999966,FALSE
m_nne_u,nne,u,pid5_psychoticism_c:c2_recovery,Interaction,0.62251651581394285,0.42592445276368107,-0.19241195699999997,1.4681113149999998,FALSE
m_nne_u,nne,u,Intercept,Main,-28.3529976028,0.21836342983635418,-28.778204275,-27.931605325,TRUE
m_nne_u,nne,u,c1_stress,Main,-0.71523019097943,0.3648854775081039,-1.4198563975000003,-0.001780350640000183,TRUE
m_nne_u,nne,u,c2_recovery,Main,-0.3500748367257921,0.3207471924972977,-0.978539187,0.2741064535,FALSE
m_nne_u,nne,u,pid5_antagonism_c,Main,-0.1802896847293483,0.25090796749634414,-0.6726173735,0.3107846622499996,FALSE
m_nne_u,nne,u,pid5_detachment_c,Main,0.243489457778926,0.2744194684842898,-0.30300967675,0.76901464125,FALSE
m_nne_u,nne,u,pid5_disinhibition_c,Main,0.352117622620166,0.2990269049241871,-0.23874978574999997,0.943776838,FALSE
m_nne_u,nne,u,pid5_negative_affectivity_c,Main,-0.319941538915321,0.2524971768050312,-0.8179568155,0.1699122469999999,FALSE
m_nne_u,nne,u,pid5_psychoticism_c,Main,-0.4332123521642734,0.2760912226634642,-0.97214712725,0.10867907274999983,FALSE
