outcome,domain,mean_main_est,mean_main_ci_lower,mean_main_ci_upper,mean_main_credible,mean_stress_est,mean_stress_ci_lower,mean_stress_ci_upper,mean_stress_credible,mean_recovery_est,mean_recovery_ci_lower,mean_recovery_ci_upper,mean_recovery_credible,sd_main_est,sd_main_ci_lower,sd_main_ci_upper,sd_main_credible,sd_stress_est,sd_stress_ci_lower,sd_stress_ci_upper,sd_stress_credible,sd_recovery_est,sd_recovery_ci_lower,sd_recovery_ci_upper,sd_recovery_credible
F0 mean /a/,Negative Affectivity,1.08908121754985,-1.28039661,3.450765345,FALSE,1.00276684650507,-0.5952297935,2.596503885,FALSE,-0.913056750584688,-2.5187070075,0.712889482,FALSE,0.431191440998304,-8.0017747375,9.0462529875,FALSE,-0.489616201621249,-6.522745665,5.535646725,FALSE,2.03214710326443,-4.0279715275,8.0975262575,FALSE
F0 mean /a/,Detachment,1.68016645211154,-1.1503450975,4.4902241875,FALSE,-0.500463776606188,-2.412135455,1.4409989325,FALSE,-1.13375645185245,-3.10449802,0.805142715,FALSE,-0.285243054926935,-7.1821644575,6.9170701875,FALSE,2.09434435897893,-2.8233117975,7.0524828325,FALSE,2.71381798936142,-2.2488713525,7.6694012925,FALSE
F0 mean /a/,Antagonism,2.53468718641219,-2.208686685,7.07864451,FALSE,1.83656766440657,-1.4307131525,5.0902812775,FALSE,2.58081722407871,-0.6859315235,5.7754446775,FALSE,-1.0131136415415,-8.6311215575,6.889655495,FALSE,-2.48728702033156,-8.214457345,3.3642379325,FALSE,-1.88933069416815,-7.6055363175,3.8204616925,FALSE
F0 mean /a/,Disinhibition,2.04904392489471,-1.12827524,5.30312074,FALSE,0.0991666412440955,-2.206480065,2.34303187,FALSE,-1.36252376515228,-3.6650793,0.898810836249998,FALSE,-4.17781190118008,-12.966577825,4.5557308425,FALSE,2.51919592723953,-3.6211987675,8.659717585,FALSE,4.75552941832693,-1.558892545,10.97131675,FALSE
F0 mean /a/,Psychoticism,4.60813142681051,1.3380108125,7.885756855,TRUE,0.346594146562963,-2.0237374725,2.70017071,FALSE,-0.970834628633141,-3.4331949425,1.46362689,FALSE,-3.13632096965819,-10.0907796,3.644839835,FALSE,1.20677508018652,-3.6518006025,6.2046609325,FALSE,0.718792902105703,-4.27610142,5.836486495,FALSE
F0 SD /a/,Negative Affectivity,-0.0186239216757648,-0.0713683258,0.03367412655,FALSE,0.0429871018104121,-0.0832816797,0.167654504,FALSE,-0.0323211449603568,-0.158889137,0.0967184881,FALSE,-0.0982741283531884,-0.301510867,0.102859172,FALSE,-0.114107918183793,-0.584188568,0.35055846425,FALSE,-0.107047686661415,-0.57543213825,0.3597528835,FALSE
F0 SD /a/,Detachment,0.0194409762811633,-0.045635333825,0.08318532845,FALSE,0.0124462251940972,-0.13945651025,0.16449785475,FALSE,0.0105070371804974,-0.13868834675,0.1643171485,FALSE,0.051333776113994,-0.11538607525,0.21761223175,FALSE,-0.0863571759315246,-0.468869722,0.2967182315,FALSE,-0.234826316200417,-0.62293880675,0.15176811375,FALSE
F0 SD /a/,Antagonism,0.0575497176033218,-0.0532997426,0.1663344045,FALSE,0.182906279667151,-0.06552219835,0.43342178375,FALSE,-0.118324696393208,-0.38033992425,0.1402884565,FALSE,-0.0908898554811056,-0.2902428315,0.109134133,FALSE,-0.340213279754617,-0.7824874225,0.1094406695,FALSE,0.103193406615657,-0.35819973275,0.553324721,FALSE
F0 SD /a/,Disinhibition,0.0350242801650473,-0.038978292025,0.10835419075,FALSE,-0.00651242729277802,-0.17693111175,0.16324199075,FALSE,0.0107401068746174,-0.16175501175,0.183517964,FALSE,-0.0511516433034618,-0.2668554935,0.15981407025,FALSE,-0.0688959425874126,-0.555201871,0.4232018245,FALSE,-0.33296801020725,-0.81657361275,0.15492221275,FALSE
F0 SD /a/,Psychoticism,-0.0550726198147867,-0.1326113215,0.023055676875,FALSE,0.0286162820422109,-0.15893132325,0.21629860225,FALSE,0.0274041484514274,-0.1607783645,0.21405325675,FALSE,0.0893168774815086,-0.07756803355,0.2509249145,FALSE,0.018629401669766,-0.3714191945,0.41122801025,FALSE,-0.0464322539659672,-0.43926043825,0.347760852,FALSE
F2 mean /a/,Negative Affectivity,0.87945946753431,-12.757249725,14.519731525,FALSE,-5.99970564348599,-22.550414625,11.5522696,FALSE,-7.20053279433467,-22.804249625,8.66723558249998,FALSE,-2.77189067024062,-22.6490294,16.919901625,FALSE,-0.93824788189169,-19.92505045,17.827137225,FALSE,-0.477068215170029,-19.687551075,18.1344119,FALSE
F2 mean /a/,Detachment,8.83273898283518,-5.68773805,21.784168375,FALSE,-0.751663406128196,-19.718258175,16.165743075,FALSE,-6.21559473959541,-22.098564475,10.33372335,FALSE,-4.22953467853812,-22.524319,13.51940665,FALSE,0.0827890682329903,-20.022568025,18.83988685,FALSE,-0.635616049732119,-20.11677315,19.649871525,FALSE
F2 mean /a/,Antagonism,4.07383401639292,-11.126029775,19.4697699,FALSE,1.78863855360066,-16.1595958,19.73453635,FALSE,1.14633727686578,-16.891625275,18.156896225,FALSE,1.53536973406356,-17.351411,19.936548075,FALSE,-2.13692387973707,-21.975348725,17.368398,FALSE,-2.93632083943696,-21.926812625,16.81859515,FALSE
F2 mean /a/,Disinhibition,2.84228737950292,-11.5397735,18.300218425,FALSE,0.0903266056219914,-17.2743162,19.34087495,FALSE,-0.34500884442761,-17.27685935,17.8553265,FALSE,-1.9306886549177,-20.47919025,17.0472148,FALSE,-1.09471574910104,-21.047853175,18.90816025,FALSE,-1.45226054454043,-20.35290055,18.182511,FALSE
F2 mean /a/,Psychoticism,4.20282827327425,-9.905209805,18.880807325,FALSE,1.32703272612001,-15.31455225,17.546975,FALSE,-7.03098407441943,-22.68130525,8.9094413275,FALSE,-0.859907762183216,-18.910076375,17.461650725,FALSE,1.40382623126413,-16.20187895,20.9375534,FALSE,-0.562205440697423,-18.981199425,18.125469575,FALSE
F2 SD /a/,Negative Affectivity,0.0214554734393931,-0.0110174025,0.05463034585,FALSE,-0.10509329442132,-0.1612412745,-0.049874513425,TRUE,-0.078743216195548,-0.14262821325,-0.01413779725,TRUE,0.0392548880383695,-0.088497158,0.16086607425,FALSE,-0.23783475410519,-0.45211442875,-0.026002127975,TRUE,-0.18195032856847,-0.43624332625,0.0647561597,FALSE
F2 SD /a/,Detachment,0.040596082924124,0.0024052957025,0.079689755525,TRUE,0.0135329656886721,-0.05737378835,0.08548814985,FALSE,-0.0525583511186744,-0.13267374375,0.02766353425,FALSE,-0.045950459167899,-0.145771625,0.0549935781,FALSE,-0.190781687557558,-0.37496299325,-0.00326837739500008,TRUE,-0.0507688092079055,-0.2601726965,0.1531147265,FALSE
F2 SD /a/,Antagonism,0.0350980331321656,-0.0340329019,0.102719158,FALSE,0.104518560163311,-0.0180406929,0.226817416,FALSE,0.0353823479112525,-0.10298307075,0.1739420115,FALSE,-0.0350123379672448,-0.1557948405,0.0886939893,FALSE,-0.257892727172703,-0.47698893825,-0.0414037593000001,TRUE,-0.15486328298621,-0.4010403985,0.0911084862999999,FALSE
F2 SD /a/,Disinhibition,0.0308986336593694,-0.01438594865,0.075924829875,FALSE,-0.0679459987723837,-0.14979816425,0.016502651025,FALSE,-0.0307216628481053,-0.125964228,0.06273364235,FALSE,-0.0610326198004384,-0.1904848115,0.069804823175,FALSE,0.0488936478749333,-0.1915963815,0.29339519525,FALSE,0.0113032632238865,-0.25705005175,0.27946639,FALSE
F2 SD /a/,Psychoticism,0.022678816631195,-0.025977459325,0.07097550445,FALSE,0.00847264417931304,-0.08378897405,0.09832943275,FALSE,-0.0169337551471865,-0.11639946875,0.0806625682749999,FALSE,-0.0219576424739566,-0.1266738885,0.080663392075,FALSE,-0.0680638042038084,-0.25881488025,0.1185214755,FALSE,-0.0485605694898033,-0.260618663,0.16613995,FALSE
Jitter /a/,Negative Affectivity,-0.0382277654366458,-0.090361110225,0.013461471275,FALSE,0.0334725733052466,-0.0614832932,0.128175675,FALSE,-0.0287445158663338,-0.1208422575,0.06331320425,FALSE,0.00840681690938229,-0.18953776825,0.21044155825,FALSE,-0.0113336798799959,-0.3576091205,0.3418031505,FALSE,0.0840325020864253,-0.270936395,0.4318453135,FALSE
Jitter /a/,Detachment,-0.0130850373983282,-0.0748833257,0.0489008736,FALSE,0.0302847052808033,-0.080584347275,0.14115671075,FALSE,0.00897124031730756,-0.10042917175,0.12109926775,FALSE,0.108863384305094,-0.050763814575,0.27454175775,FALSE,0.059598147748243,-0.224391089,0.35074125525,FALSE,-0.0861384903278085,-0.36840674875,0.19701328075,FALSE
Jitter /a/,Antagonism,-0.0379566071001541,-0.14492206725,0.068861273,FALSE,0.0324082217459432,-0.15660304675,0.2211933095,FALSE,-0.147701471553213,-0.33367231475,0.033505678325,FALSE,0.103588226460406,-0.090001208825,0.298688572,FALSE,0.0702397801484798,-0.27117164925,0.4054442615,FALSE,0.282274498377816,-0.0499552455,0.6092882115,FALSE
Jitter /a/,Disinhibition,-0.0292181580239565,-0.10319661975,0.042676989975,FALSE,-0.00124400129079626,-0.13229372475,0.1258092025,FALSE,0.023003683679323,-0.10680816425,0.15016792825,FALSE,0.130659379594584,-0.078587948725,0.33642696275,FALSE,0.0160944394935818,-0.34459977525,0.38454600225,FALSE,-0.15720083644743,-0.516733034,0.20226260025,FALSE
Jitter /a/,Psychoticism,-0.111541352611956,-0.18526250225,-0.0381496451,TRUE,0.0213421889846493,-0.11562316875,0.16012424975,FALSE,0.0260981916524501,-0.11348119,0.16329735625,FALSE,0.199138429703592,0.038233220875,0.35454488225,TRUE,0.0149809215437096,-0.27562203275,0.30809991375,FALSE,-0.0478056602090377,-0.3339933205,0.25035073075,FALSE
NNE /a/,Negative Affectivity,0.0383171546080803,-0.3172018335,0.38750663775,FALSE,0.137770264035567,-0.39693459675,0.67838827825,FALSE,-0.045716135941959,-0.56499385525,0.4844067195,FALSE,0.235986554003661,-1.12712665,1.59731867,FALSE,-0.0502451868552338,-2.1168607275,2.0214894825,FALSE,-0.259239797554649,-2.278866425,1.711679465,FALSE
NNE /a/,Detachment,-0.367251088602065,-0.78170594575,0.053418193125,FALSE,0.310378436839807,-0.3316721965,0.96211953075,FALSE,0.122809366944306,-0.5156028915,0.77132213475,FALSE,0.95598138412633,-0.141981003,2.07682519,FALSE,-0.0867925355506526,-1.7683049675,1.6160370275,FALSE,-0.373866156576462,-2.01517096,1.28493782,FALSE
NNE /a/,Antagonism,-0.561037886410492,-1.3114152775,0.1732039495,FALSE,-0.340912328326701,-1.433439875,0.748689192499998,FALSE,-1.22521566525164,-2.2785064225,-0.143412386250001,TRUE,0.603439966554309,-0.697820949,1.9176155325,FALSE,0.992311128703041,-0.956917545,2.9552047225,FALSE,2.41470227151249,0.4988112985,4.2734734825,TRUE
NNE /a/,Disinhibition,-0.067825947602401,-0.556070129,0.41812297325,FALSE,0.272002790069649,-0.4788130715,1.02484836,FALSE,0.071621174322609,-0.6549875125,0.7889154315,FALSE,0.702286441080528,-0.72724825675,2.10993824,FALSE,0.618083323626303,-1.5536328325,2.808973215,FALSE,-0.776067046928053,-2.8889652625,1.29639513,FALSE
NNE /a/,Psychoticism,-0.71429657572093,-1.2135669175,-0.208665743,TRUE,0.41821413062785,-0.3950714095,1.228528695,FALSE,0.384261621668576,-0.396681109,1.182387755,FALSE,1.08606088606774,-0.000378277756249999,2.1702049875,FALSE,-0.311746886229017,-2.02250253,1.42878864,FALSE,-0.317448743504347,-1.98187814,1.335090125,FALSE
